bin_x,bin_y,gaze_x,gaze_y,err_x,err_y
5,4,427.71820068359375,308.500732421875,-5.374275635182698,-1.5548727298098015
5,4,427.02978515625,308.7193603515625,-4.601667596519917,-1.7527650834212523
5,4,426.08697509765625,308.20538330078125,-3.607334092433234,-1.1773021586992058
5,4,427.4106140136719,308.89581298828125,-4.93229855246733,-1.7393057861509078
5,4,426.07366943359375,311.04962158203125,-3.6322970081995436,-3.7811361272480895
5,4,425.7585144042969,311.2674560546875,-3.67109525485057,-3.938918716355886
5,4,427.25390625,309.0526123046875,-5.4132115343584815,-1.7400847472273426
5,4,426.075439453125,307.97613525390625,-4.50301496905638,-0.7123343439920404
5,4,426.9459228515625,308.0447998046875,-5.507335290771664,-0.9163347346697037
5,4,426.54949951171875,308.02203369140625,-5.036626317037417,-1.1629251038430652
5,4,425.76629638671875,309.72216796875,-4.187095398140741,-3.107107562013937
5,4,428.77935791015625,310.86981201171875,-7.162645322671551,-4.418482779487022
5,4,427.2862243652344,311.28131103515625,-5.6229801697051585,-4.876972406213383
5,4,428.31683349609375,310.31658935546875,-6.56190452994997,-3.7769185349588383
5,4,427.17413330078125,310.2537841796875,-5.295682296440532,-3.615939425298791
5,4,426.88665771484375,308.97119140625,-4.461616721093151,-2.7240900058320108
5,4,428.1419677734375,312.24078369140625,-5.170328102385838,-6.3844318557126485
5,4,428.398193359375,312.304931640625,-5.164453369793762,-6.670249338767746
5,4,425.7105407714844,311.09375,-2.2653705934869777,-5.6506247346143255
5,4,427.14697265625,312.21563720703125,-3.4790238649513867,-6.933673646681939
5,4,427.45074462890625,311.299560546875,-3.5531022213313577,-6.160811035389202
5,4,426.68701171875,311.66351318359375,-2.42033619733985,-6.680103250668367
5,4,426.1277160644531,313.7515869140625,-1.4106505033681742,-8.914297007442201
5,4,427.4300537109375,313.66046142578125,-2.7592580232781643,-8.860681271695285
5,4,427.4781799316406,312.38720703125,-2.853687947402591,-7.624964054773784
5,4,426.4140319824219,310.4886474609375,-1.5259742729153345,-5.629769625831045
5,4,427.9879455566406,310.4906005859375,-2.827341769110717,-5.531213247067171
5,4,426.7011413574219,307.4737548828125,-1.3061228079444618,-2.305384665844656
5,4,426.4015808105469,308.67840576171875,-0.7832473306962697,-3.26319007717575
5,4,425.7865905761719,311.53265380859375,-0.03883452990777414,-5.971371760787633
5,4,425.6115417480469,310.49371337890625,0.18645503268328412,-4.871304716406598
5,4,427.9139709472656,310.78326416015625,-1.9656546767703276,-5.154158656565187
5,4,428.5709533691406,308.780517578125,-2.2558140759608705,-3.2624604349301194
5,4,427.0723876953125,310.660400390625,-0.42696646854471965,-5.24298093096769
5,4,427.977783203125,310.422607421875,-1.351471760503273,-5.006283890410771
5,4,427.73175048828125,310.66668701171875,-1.124548526065837,-5.2514593910284475
5,4,428.8936767578125,308.92431640625,-1.9671178231499198,-3.5933403238394703
5,4,431.1819763183594,308.58026123046875,-3.883914908758811,-3.346394996393485
5,4,430.63763427734375,308.7342529296875,-3.063297625485518,-3.590641784358411
5,4,428.7207946777344,308.8514404296875,-0.9177493535307804,-3.7949458105724716
5,4,429.813232421875,306.73419189453125,-1.8345258265182451,-1.7218830657936337
5,4,431.0846862792969,305.8033447265625,-2.998023295010512,-0.7804048369857242
5,4,427.7690734863281,308.80474853515625,0.49605008023888786,-3.7677044920525304
5,4,431.7732238769531,307.99749755859375,-3.07603691276762,-2.9338531925349116
5,4,431.0610046386719,306.0721435546875,-1.93181607967108,-0.9819026706117029
5,4,429.8627624511719,304.46051025390625,-0.8502398394180659,0.6511323936824169
5,4,431.5899658203125,305.50244140625,-2.6971938594343214,-0.3692448578334506
5,4,430.98919677734375,306.49169921875,-1.7177710686370915,-1.4927469402285283
5,4,431.4871826171875,305.9375,-1.7000018322543724,-1.1156577853482759
5,4,431.17352294921875,306.49664306640625,-1.0347099695721909,-1.646356402883896
5,4,430.2412109375,305.5518798828125,0.12070263503562728,-0.5124515911966228
5,4,431.22998046875,305.81805419921875,-0.6416082068005267,-0.6576673777303768
5,4,431.9707946777344,304.632080078125,-1.1494482146367773,0.5168280429537049
5,4,432.8766174316406,303.67327880859375,-1.833176840430042,1.4451653883166955
5,4,433.13958740234375,304.43096923828125,-1.9550355205510073,0.5156436160565931
5,4,432.74072265625,306.69268798828125,-1.4149585539207123,-1.918029379010136
5,4,432.37078857421875,305.46624755859375,-0.6489276002901079,-0.5287117497817349
5,4,433.75701904296875,303.191650390625,-1.6143499972621953,1.9446696682389302
5,4,434.6497802734375,304.468017578125,-2.1574096930702353,0.7087897825059599
5,4,435.19586181640625,306.10400390625,-2.3867391952519483,-0.9597949828722108
5,4,434.3616638183594,305.24652099609375,-1.2658668595445874,-0.18159977796835847
5,4,434.93804931640625,302.8792724609375,-1.5904920879162887,2.0521823549449323
5,4,436.0905456542969,302.8896484375,-2.53403548420647,1.9229816928752825
5,4,437.110595703125,302.948974609375,-3.4797231424847723,1.7908689865780048
5,4,436.4737548828125,300.912841796875,-2.7572167373036223,3.753859533457671
5,4,437.7605285644531,300.806640625,-3.5989636333118256,3.7973530238085687
5,4,439.2047424316406,302.61346435546875,-4.598808066101242,1.927914237637708
5,4,438.83221435546875,300.888916015625,-4.123884195688845,3.7852171704774378
5,4,437.3763122558594,303.187744140625,-2.6473130029320373,1.665796952326275
5,4,440.71044921875,301.54534912109375,-5.6214675660663715,3.195541094540715
5,4,440.4767761230469,300.60205078125,-4.78791068482127,3.8196917260036685
5,4,438.8753967285156,301.75799560546875,-2.7333608498453827,2.4594039577964395
5,4,438.073974609375,304.55523681640625,-1.734765148340557,-0.3418664686029729
5,4,440.1893310546875,301.637939453125,-3.6472504268034527,2.5521628409880464
5,4,438.71246337890625,302.75445556640625,-1.9463515204582222,1.305048279522282
5,4,439.7410888671875,301.81298828125,-1.0684495017848121,2.2570183956248115
5,4,440.8999938964844,300.92852783203125,-1.8502869266343396,3.2519898067429835
5,4,441.4662780761719,300.74853515625,-1.7496127277743199,3.394566954102345
5,4,440.2798767089844,301.62542724609375,-0.41740882142897817,2.3383542112720193
5,4,442.6014709472656,301.2490234375,-2.5926419931876694,2.570459041449567
5,4,442.13446044921875,301.236083984375,-1.969228111364373,3.0716128172243202
5,4,441.313232421875,301.00286865234375,-0.9915942142571907,3.7930502319320567
5,4,440.9903564453125,301.31036376953125,-0.35020764990980524,3.1746642500680196
5,4,442.2798767089844,302.37054443359375,-1.2884173132687806,1.64192553451619
5,4,442.08685302734375,301.3709716796875,-0.8617941756911023,2.329316802986625
5,4,442.18634033203125,302.32073974609375,-0.8028511566142811,1.1697822435430112
5,4,441.5583801269531,300.639892578125,0.6079643400842087,2.783413078105127
5,4,444.5772399902344,300.03656005859375,-1.9456004874110704,3.407636133464621
5,4,443.73565673828125,300.52508544921875,-0.9853528556595279,2.8894159144084597
5,4,442.1065368652344,300.89154052734375,0.8328041220271984,2.4708054213369337
5,4,441.9954833984375,301.14422607421875,1.3077731117346616,2.1101556335805185
5,4,442.2176513671875,300.166748046875,1.7026004089453295,2.880817920573861
5,4,444.38787841796875,300.798828125,0.055500274358337265,2.048738662602034
5,4,444.73687744140625,300.3592529296875,-0.03309216608050747,2.3887565585017683
5,4,441.6207275390625,300.7413330078125,3.326970629178618,1.8726786309315457
5,4,445.6376953125,300.1253662109375,0.2955945820049237,2.4003152089737227
5,4,446.0132141113281,300.3709716796875,0.3756253901873947,2.156821026642774
5,4,446.3468017578125,300.00323486328125,1.6610111745100085,1.6725624777162125
5,4,446.5755310058594,301.51416015625,2.3859651714900565,0.38770734693451914
5,4,448.1214599609375,300.03582763671875,1.238918029394199,2.0143418559007955
4,4,361.71697998046875,301.27166748046875,-17.399777983876334,11.867609019548638
4,4,360.2922058105469,301.20306396484375,-15.977290118446092,12.160110065115418
4,4,358.05194091796875,304.08599853515625,-13.814642362280722,9.700741038528804
4,4,361.55426025390625,303.79229736328125,-17.68323367823234,10.571177505761568
4,4,360.5100402832031,304.14263916015625,-17.61911285627525,11.125792773505736
4,4,361.205810546875,303.97064208984375,-19.065058775042814,11.985610058189707
4,4,359.31158447265625,302.97021484375,-16.14060075970633,11.990859470456826
4,4,350.2177734375,319.42083740234375,-10.274265281376643,1.5916187474254002
4,4,351.11492919921875,318.0787353515625,-11.15089064100465,2.8935762123696236
4,4,352.26483154296875,315.99493408203125,-12.280262908983559,4.937233534140432
4,4,352.791259765625,316.52703857421875,-12.844513488553503,4.3146553231791245
4,4,352.5496520996094,315.5914306640625,-12.651266746432952,5.150657724297332
4,4,354.21856689453125,315.98297119140625,-14.332667138607974,4.722254354087738
4,4,354.7917175292969,315.64794921875,-14.89694750055105,5.057738469161961
4,4,354.0787048339844,315.3936767578125,-14.099997020172964,5.2761272575140765
4,4,351.3414001464844,315.60150146484375,-11.16811228119866,4.978852320254248
4,4,349.8916931152344,315.0308837890625,-9.570402914018075,5.463259499729645
4,4,350.0386962890625,314.0518798828125,-9.772192733960367,6.373123709134461
4,4,351.625732421875,315.10150146484375,-11.414014642082861,5.254363529196269
4,4,350.3240051269531,313.558837890625,-10.069204697378893,6.791757578569445
4,4,349.9516296386719,316.26593017578125,-9.650844991411873,4.081289882275826
4,4,352.4493103027344,314.8817138671875,-12.104006082129047,5.402936269598854
4,4,351.95269775390625,313.9781494140625,-11.563363298662921,6.224163756195026
4,4,353.4194030761719,317.37408447265625,-12.982078331408445,2.873840553453306
4,4,351.1987609863281,316.731689453125,-10.709907259277088,3.6761368124417686
4,4,351.9735412597656,318.850341796875,-11.429731889557956,1.6839872653254133
4,4,351.0942077636719,317.38897705078125,-10.487180938693257,3.196795000862892
4,4,351.7120666503906,314.89825439453125,-11.062538160830627,5.7476927540504335
4,4,349.9104309082031,317.28131103515625,-9.414341469840508,3.5135790270540497
4,4,352.71490478515625,318.78387451171875,-12.372251959160053,2.1599560967528646
4,4,352.71759033203125,317.39227294921875,-12.430953225356916,3.804406106178533
4,4,350.03350830078125,318.0738525390625,-9.788585822192431,3.39092262968893
4,4,350.1825866699219,317.44342041015625,-9.989667966238414,4.107719742678398
4,4,353.6346130371094,317.77081298828125,-13.49922674792549,3.769034466731455
4,4,352.8175048828125,317.2015380859375,-12.817705277098014,4.541443397587614
4,4,350.10479736328125,316.08697509765625,-10.339722073121322,6.134630142312005
4,4,351.9386901855469,318.364990234375,-12.297642626667766,4.287732327920537
4,4,353.119140625,317.62359619140625,-13.201274265130735,5.288195051573325
4,4,350.2672119140625,316.9224853515625,-10.072531153088676,6.2483704543440695
4,4,351.8630065917969,323.833740234375,-11.229685396705293,6.05385357963894
4,4,351.32318115234375,325.0902099609375,-10.676389943139611,4.809318851600381
4,4,351.45159912109375,325.24200439453125,-10.782515982074926,4.678255032702339
4,4,351.3139343261719,324.33074951171875,-10.543228610386791,5.689334917346855
4,4,353.5627136230469,324.9166259765625,-12.690383715233736,5.2032850410249125
4,4,354.6868896484375,320.45599365234375,-13.802222371496043,9.67603650190631
4,4,355.5326232910156,322.21722412109375,-14.647956014074225,7.91480603315631
4,4,352.10137939453125,324.90802001953125,-11.26902512417314,5.294019469424768
4,4,352.8084716796875,323.1739501953125,-12.056371007325481,7.1354909012059125
4,4,354.3414001464844,323.247314453125,-13.611355688580431,7.128103179970708
4,4,349.0421142578125,319.81072998046875,-8.262001765922719,10.579832767702953
4,4,350.2331237792969,319.78253173828125,-9.41975513525233,10.63437607504136
4,4,350.2615966796875,324.15533447265625,-9.47380021915967,6.327105935282816
4,4,352.1217041015625,322.80181884765625,-11.35942787223837,7.7460858063313935
4,4,352.29351806640625,323.0496826171875,-11.522854226722757,7.518748297434627
4,4,350.2518615722656,323.37493896484375,-9.472803856245662,7.214033544587323
4,4,353.3739013671875,322.9989013671875,-12.569992255212867,7.565345274059666
4,4,352.9615173339844,323.87811279296875,-12.127843089747103,6.648333355606155
4,4,351.7410888671875,324.046875,-10.876860217579349,6.467090381878506
4,4,350.9053649902344,323.07952880859375,-10.009782162036856,7.4409946170027865
4,4,354.4690246582031,327.2457275390625,-13.529408704474122,3.317098272493979
4,4,351.94171142578125,324.4852294921875,-10.934115910245623,6.187436850596896
4,4,349.8467102050781,322.82012939453125,-8.795258882013172,7.960542113413453
4,4,348.99896240234375,322.47265625,-8.073250707793136,8.403104026401536
4,4,348.9339294433594,322.62225341796875,-8.13405131130503,8.348666663099664
4,4,348.7354736328125,323.82000732421875,-7.962341751356291,7.550269794908331
4,4,352.63970947265625,322.25115966796875,-11.882932530093683,9.554716989709561
4,4,350.58050537109375,323.22088623046875,-9.817609961073174,8.913337306157132
4,4,350.990234375,324.70599365234375,-10.211199307193851,7.7094133207001505
4,4,350.8932800292969,323.40838623046875,-10.15092598739625,9.303787934562195
4,4,351.6202392578125,323.67071533203125,-10.974161324850627,9.354913744522946
4,4,347.1604919433594,322.8646240234375,-6.603737541888108,10.432001893757217
4,4,348.9223327636719,323.35272216796875,-8.433547957470182,10.085124276658746
4,4,363.3702697753906,312.72216796875,-9.301670704561957,3.0994011490282674
4,4,363.97265625,313.080078125,-9.983518321057034,2.779506580038685
4,4,363.06939697265625,312.39593505859375,-9.133953036223943,3.502399415511661
4,4,365.03643798828125,312.15447998046875,-10.92594853045324,3.8025548350911436
4,4,363.3164978027344,312.52154541015625,-9.102101485235721,3.480081301750488
4,4,362.6066589355469,310.7996826171875,-8.377847134724334,5.248585903232993
4,4,363.6148681640625,310.1727294921875,-9.36957332317445,5.921180449866995
4,4,364.0428161621094,310.009765625,-9.678756380914933,6.098808843645202
4,4,363.12615966796875,310.72967529296875,-8.600886745868536,5.394987003560402
4,4,363.4245910644531,310.40130615234375,-8.759001994514222,5.711900326447335
4,4,362.458251953125,306.079833984375,-7.652348965596957,10.02191685876204
4,4,362.646240234375,308.05792236328125,-7.790673469173612,8.009909604736379
4,4,363.6875,309.3280029296875,-8.79110479056601,6.703721560782299
4,4,364.7294616699219,309.199462890625,-9.843533314185379,6.788824936918843
4,4,363.9032287597656,309.8131103515625,-9.050375496567028,6.129006479737484
4,4,362.7992858886719,310.876708984375,-8.005147314276485,5.092117185096242
4,4,362.2470397949219,309.2314453125,-7.539519463300962,6.8437370765236665
4,4,363.8084411621094,311.15899658203125,-9.201135782823712,4.93764553929401
4,4,364.23236083984375,310.01324462890625,-9.764689496417589,5.857360363826501
4,4,363.8795471191406,313.95477294921875,-9.55512852581603,1.6895956791394156
4,4,364.0780029296875,311.66693115234375,-9.999852087973636,3.7446141106581194
4,4,363.5671081542969,312.63409423828125,-9.831582352624423,2.4921307649932487
4,4,361.5024108886719,311.8321533203125,-8.114023670109532,3.2324805188109167
4,4,361.8269958496094,309.25311279296875,-8.878720572549867,5.7295699615524995
4,4,361.916748046875,310.53729248046875,-9.33390948268908,4.361236457576638
4,4,361.2599182128906,309.17034912109375,-8.933608233784412,5.69496730462572
4,4,358.76031494140625,316.2022705078125,-6.661725499581053,-1.3210838690643527
4,4,360.1320495605469,310.47589111328125,-8.262536170891451,4.408557408185402
4,3,314.4233093261719,249.5757293701172,-12.911011796604214,11.691247549622574
4,3,314.9091796875,250.44773864746094,-12.927639514432315,10.426348616628843
4,3,316.3908386230469,252.9991912841797,-14.027986565838319,7.985408556781067
4,3,314.7245788574219,251.95687866210938,-11.997364320572729,9.23531231817708
4,3,315.2799987792969,251.41702270507812,-12.477846941143355,9.807788817632797
4,3,315.6601257324219,249.6505889892578,-12.962797717950309,11.49816955556804
4,3,318.8207092285156,250.02735900878906,-16.19877141667581,10.956937738741146
4,3,319.2060852050781,249.32847595214844,-16.61390346971092,11.362168171528538
4,3,318.3298645019531,253.75489807128906,-15.77735721991155,6.544212332217057
4,3,316.7109375,251.65377807617188,-14.188186294431034,8.351679703481068
4,3,315.5053405761719,249.6844940185547,-12.900789548313412,10.154912114577257
4,3,354.4389343261719,275.501220703125,-8.852899851815607,4.605990260675242
4,3,357.84234619140625,273.10400390625,-12.267825291115741,6.987306227731949
4,3,357.07470703125,271.818115234375,-11.511606944385392,8.25742217693778
4,3,356.7197570800781,272.55499267578125,-11.308898061376738,7.79756482247069
4,3,355.5940856933594,274.6533203125,-10.352403185945548,6.011468662505649
4,3,355.28460693359375,272.715576171875,-10.098548447677103,8.051872269523813
4,3,355.6846008300781,275.53729248046875,-10.498542344161478,5.2301559609300625
4,3,355.73651123046875,273.6373291015625,-10.550994795799625,7.112617164902304
4,3,356.6011962890625,272.6134033203125,-11.416885106635391,8.097626818433753
4,3,356.3660583496094,274.3206787109375,-11.18295331980977,6.351406227737414
4,3,357.17034912109375,272.65521240234375,-11.988459151991265,7.977639705535523
4,3,355.584716796875,270.97003173828125,-10.403490014074578,9.624611604562801
4,3,355.76654052734375,271.51666259765625,-10.551821104516478,9.082603422714953
4,3,353.9498291015625,273.57818603515625,-8.701665447702112,7.025695981299009
4,3,356.3829650878906,274.02587890625,-10.782110239349322,6.236112167735087
4,3,355.30804443359375,274.1201171875,-9.400485690020616,5.837794658901771
4,3,357.34710693359375,274.904541015625,-11.419817762658738,5.000613107000049
4,3,357.6170959472656,272.6622314453125,-11.699835491624242,7.216282137341523
4,3,356.2859191894531,274.2044677734375,-10.216101792669122,5.657629801903852
4,3,358.0664978027344,274.6453857421875,-11.767753401496691,5.204943251805105
4,3,358.1821594238281,275.5123291015625,-11.723262967575977,4.335893016262503
4,3,355.8411560058594,274.17706298828125,-9.297437982387862,5.679800070679335
4,3,355.9406433105469,272.77685546875,-9.322716547449318,7.097208775880006
4,3,356.2356262207031,272.92083740234375,-9.575245019873705,6.996045751805411
4,3,357.5186462402344,273.38653564453125,-10.812489279216777,6.570980597893254
4,3,354.8945007324219,273.2021484375,-8.030948956865927,6.72274131662067
4,3,357.3101501464844,275.05401611328125,-10.289226070310065,4.838251819462812
4,3,356.85626220703125,276.27191162109375,-9.58511957678968,3.7285179266564796
4,3,356.7699890136719,275.39398193359375,-9.224103398498471,4.7494211244707
4,3,356.6363830566406,274.5977783203125,-8.971142160341856,5.583769143595418
4,3,356.03533935546875,274.458251953125,-8.354900805526654,5.690919604880548
4,3,356.6168518066406,274.61895751953125,-8.937143165122109,5.5093720191440525
4,3,354.40020751953125,274.63641357421875,-6.747978039008956,5.49042926526306
4,3,356.6251525878906,274.18560791015625,-8.997571444204539,5.917262622674457
4,3,356.4066467285156,273.4620361328125,-8.788160027844413,6.491339564802615
4,3,358.3548889160156,274.55615234375,-10.745496513808007,5.247730894789413
4,3,356.7403259277344,272.6099853515625,-9.578576178576952,7.028893431093593
4,3,355.8953857421875,270.8607177734375,-9.217955630231074,8.610647846299969
4,3,358.1596374511719,271.155517578125,-11.646414106896941,8.147872773852555
4,3,359.5547790527344,270.29180908203125,-13.08104080216225,8.842894107341067
4,3,358.4575500488281,273.43463134765625,-11.981702370098162,5.583972712865318
4,3,358.4311828613281,272.0855712890625,-11.911027979114294,6.8702881737025905
4,3,356.86737060546875,273.91363525390625,-10.341808353213878,4.9524252844692
4,3,358.2297058105469,271.6085205078125,-11.748080697130547,7.184700813806387
4,3,356.8210144042969,271.78936767578125,-10.36884714447092,6.783779043275956
4,3,356.96795654296875,272.85650634765625,-10.52228775138633,5.263077504274577
4,3,357.5970153808594,274.8040771484375,-11.15551059234906,2.8672883906100424
4,3,357.63702392578125,272.276611328125,-11.188249744708855,4.993260576109378
4,3,357.6018981933594,272.68609619140625,-11.14585473526796,4.182288459539791
4,3,358.6006774902344,269.876220703125,-12.014206452420808,6.639444499933234
4,3,357.2425842285156,271.982421875,-10.519464981222654,4.182987428600086
4,3,357.7731628417969,271.82611083984375,-11.013445870720034,4.21065443646836
4,3,360.31280517578125,271.97930908203125,-13.55330631141834,4.025268122630507
4,3,359.78607177734375,271.2581787109375,-12.68376917448893,4.474227043967289
4,3,360.5438232421875,270.3592529296875,-13.031170730415226,5.053462455869692
4,3,360.893310546875,270.8330078125,-13.285053406280497,4.33422850404753
4,3,359.3128662109375,271.5167236328125,-11.791987129211634,3.447585011507954
4,3,358.2737121582031,270.1746826171875,-10.828479154315005,4.652113328300118
4,3,365.13507080078125,279.915771484375,-10.032868370665653,13.28374935361802
4,3,364.034423828125,280.73004150390625,-8.892149999316928,12.454545385665313
4,3,358.05322265625,282.38916015625,-2.8712002692996066,10.780613102240636
4,3,360.7965393066406,281.79803466796875,-5.524887232052379,11.313467470887815
4,3,359.96630859375,279.4169921875,-4.60408757964899,13.63542085663903
4,3,362.3625183105469,282.99786376953125,-7.047954737410919,9.970077101084428
4,3,363.83148193359375,278.09576416015625,-8.608210650975366,14.779690106547548
4,3,363.22552490234375,278.72613525390625,-8.106539282233257,14.136428096822556
4,3,361.0762634277344,279.18414306640625,-6.072697862375264,13.733717957227668
4,3,359.2064514160156,280.405029296875,-4.255429512690682,12.485126397735428
4,3,360.5727844238281,282.1005859375,-5.538250427177388,10.581469100004938
4,3,362.7583923339844,279.881591796875,-7.6333829014407115,12.612403345170947
4,3,363.2286376953125,278.5438232421875,-7.9471585326017475,13.9207590802082
4,3,362.4458312988281,278.0938720703125,-7.007884892952234,14.341297899933863
4,3,363.6214294433594,278.5245361328125,-8.136244720754291,14.076438154762513
4,3,363.46771240234375,278.32928466796875,-7.949841502027027,14.463700215943675
4,3,361.8215026855469,278.2305908203125,-6.643949352154323,14.369980497832955
4,3,361.2446594238281,278.8419189453125,-6.598842652875533,13.369217656103615
4,3,361.2896728515625,280.47784423828125,-6.958651060681291,11.691403437868019
4,3,359.16961669921875,277.538818359375,-4.877708471030132,15.034336362918566
4,3,361.85174560546875,278.247802734375,-7.5401497951256715,14.542979160479945
4,3,361.8403625488281,278.9639892578125,-7.3104658111166145,13.423866510972687
4,3,362.18988037109375,280.06427001953125,-7.443281408079315,11.926397210761706
4,3,362.040283203125,279.29296875,-7.288541111084555,13.152038885264972
4,3,362.8255615234375,281.36810302734375,-8.068676220622535,11.531252234503768
4,3,364.6689758300781,282.13916015625,-9.59225783266055,10.993967775248848
4,3,363.0471496582031,278.92535400390625,-7.564839172562813,14.380683424098208
4,3,361.7208251953125,280.453369140625,-6.245333058409187,12.597570773279585
4,3,363.0726013183594,281.56195068359375,-7.926841187307559,10.896882925031093
4,3,362.7105712890625,279.92132568359375,-7.376586811188815,12.546373742412186
4,3,363.8605651855469,280.806884765625,-7.939240409338822,12.233321910329266
3,3,291.7486572265625,265.4931640625,-15.608157215422864,17.599632532812393
3,3,293.3114013671875,264.59576416015625,-17.567099154366645,18.234905303734877
3,3,294.28338623046875,262.77490234375,-18.938798577336115,19.793581390932275
3,3,293.72967529296875,264.796142578125,-18.560363399576886,17.5611549721055
3,3,292.9620666503906,265.44708251953125,-17.900868891596986,16.71428653818913
3,3,292.920654296875,264.72650146484375,-17.749818916721665,17.462759410290914
3,3,292.5450439453125,262.87359619140625,-17.08339530243984,19.52927825700192
3,3,291.2553405761719,264.005615234375,-15.58017864959811,18.463019736730928
3,3,292.20355224609375,263.78594970703125,-16.464130528962983,18.45800230588287
3,3,291.3642272949219,264.362060546875,-15.560536594131008,17.657176364362556
3,3,295.5606384277344,262.70391845703125,-19.6926838505629,19.090621210021197
3,3,293.10552978515625,264.86004638671875,-17.17331031014828,16.709792464650377
3,3,295.2282409667969,264.1959228515625,-19.180008069205712,16.87269118083094
3,3,290.09625244140625,264.9345703125,-13.97804006798009,15.828032801457198
3,3,291.1102600097656,264.74224853515625,-14.921499782341073,15.711858218429995
3,3,291.5555114746094,262.42083740234375,-15.306180963100473,17.744186160941183
3,3,291.31304931640625,262.8978271484375,-15.069294990142225,17.097117748660196
3,3,291.2835388183594,262.5057373046875,-15.045364843037987,17.31900186869501
3,3,293.1915588378906,263.46917724609375,-16.844958729164034,16.288286327960293
3,3,290.3582763671875,265.4188232421875,-13.891206769450207,14.282348562485879
3,3,291.2554626464844,265.778564453125,-14.604218724231657,13.811038636548517
3,3,291.41998291015625,261.0701904296875,-14.554851599025199,18.382044184629308
3,3,290.4579162597656,261.66070556640625,-13.461133725568345,17.743968086800123
3,3,292.494384765625,263.139892578125,-15.47706287231398,16.298594037959106
3,3,292.4127502441406,265.54736328125,-15.339273994973382,13.940004489652438
3,3,291.83258056640625,264.5625,-14.677209660286849,14.98473650786741
3,3,292.1693420410156,264.34454345703125,-14.932017859872076,15.262604640290647
3,3,291.235107421875,265.55322265625,-13.915828663083516,14.113837982803886
3,3,290.5687255859375,266.09344482421875,-13.183379639406724,13.614384406302634
3,3,292.382080078125,265.2178955078125,-15.03068737970574,14.410175416899506
3,3,290.5387268066406,263.45843505859375,-13.221286816664247,16.089878828024098
3,3,291.2587585449219,263.083251953125,-13.858050843606861,16.456464486317316
3,3,291.55218505859375,262.659912109375,-14.056674484712744,16.877685850884916
3,3,292.1352844238281,263.8675537109375,-14.545802922176051,15.667944360902993
3,3,292.9892883300781,262.51025390625,-15.305835900654984,17.02314427717107
3,3,291.2896728515625,264.02545166015625,-13.389619202157235,15.31054963303319
3,3,292.19281005859375,263.33514404296875,-13.944496604802168,15.59379005785928
3,3,290.360595703125,262.69268798828125,-11.827448643036007,15.945788812492538
3,3,293.0024719238281,264.24713134765625,-14.364616264994424,14.431242468570872
3,3,292.2296447753906,263.17120361328125,-13.473878257265426,15.5333088655604
3,3,290.9087829589844,262.984130859375,-11.713856780421281,15.409132341682039
3,3,292.8871765136719,264.2293701171875,-13.249495868581334,13.850096029274027
3,3,291.8764343261719,264.434326171875,-12.194817163667665,13.592503825064455
3,3,290.7673645019531,261.2559814453125,-11.125072709137669,16.772694958401814
3,3,294.6156005859375,264.704833984375,-14.810548242703021,13.143402942610862
3,3,293.0396728515625,264.02166748046875,-12.940063231297245,13.527246812076896
3,3,294.3144836425781,263.99261474609375,-13.920340154427493,13.257000699871071
3,3,295.0487365722656,261.965087890625,-14.360017079767829,14.985185890612115
3,3,293.7300109863281,261.32855224609375,-12.76512865933256,15.358520712715006
3,3,294.4411315917969,262.5355224609375,-13.294845636036428,14.074663070211272
3,3,292.6985778808594,263.406494140625,-11.371020831822989,13.126860137665176
3,3,293.70989990234375,263.37628173828125,-12.65650295494487,12.95066774091913
3,3,293.8421936035156,260.82135009765625,-13.088873925193411,15.292823081362144
3,3,295.21148681640625,262.3277587890625,-14.4548128685326,13.504649953494436
3,3,293.8697509765625,261.9224853515625,-12.996042081839107,13.60231867730107
3,3,294.06158447265625,262.79888916015625,-13.003346467655717,12.770993799044845
3,3,292.6356506347656,263.68353271484375,-11.326995846479804,12.275747144776517
3,3,294.3827819824219,260.59930419921875,-12.935823790856546,15.612507194111629
3,3,293.8113098144531,259.78826904296875,-12.507979444508578,16.33189555746793
3,3,294.00421142578125,258.5946044921875,-12.845675432600899,17.433168953737834
3,3,294.22064208984375,259.80975341796875,-13.20583893107596,16.126306227950522
3,3,292.93878173828125,262.4666748046875,-12.067499105455681,13.377806512126767
3,3,293.0732727050781,262.26239013671875,-12.21109019231119,13.447050326562987
3,3,293.9997863769531,261.4954833984375,-13.123028076060848,14.07118048104536
3,3,293.1182556152344,263.4149169921875,-12.226942593509023,12.0091766673645
3,3,293.3544006347656,261.732177734375,-12.448522474315439,13.549243657179545
3,3,293.6417541503906,262.9766845703125,-12.587337006575808,12.195915952139899
3,3,292.4309997558594,261.0479736328125,-11.033229210855609,14.065035819269497
3,3,294.23095703125,261.65185546875,-12.518907886234615,13.42427272865433
3,3,294.79791259765625,262.05841064453125,-12.907367032898378,13.077382335098662
3,3,295.1435546875,263.2398681640625,-13.074509865850189,11.955590546147562
3,3,294.5821228027344,260.01031494140625,-12.447893216795762,14.783676113722606
3,3,293.5433044433594,264.3623046875,-11.349812031741806,10.036470615865994
3,3,293.0700378417969,261.846435546875,-10.493244813041883,12.3896617800537
3,3,292.93701171875,262.10565185546875,-9.843458799095629,12.072260341666151
3,3,294.96002197265625,258.5291748046875,-11.586811548141839,15.4723943304557
3,3,295.03131103515625,260.29962158203125,-11.630265775883913,13.400039009884438
3,3,295.6446533203125,262.55841064453125,-12.181520332915056,10.939177807758938
3,3,295.8791198730469,260.6429443359375,-12.263202879513301,12.928280927036838
3,3,296.5619812011719,262.7349853515625,-12.798539301041046,10.902600809312275
3,3,298.0391845703125,263.4072265625,-14.226309746384118,10.160968154065074
3,3,297.4866943359375,262.3536376953125,-13.624387373921195,11.145166679882436
3,3,297.1407775878906,261.0604248046875,-13.114279592859873,12.22448204987677
3,3,298.0917053222656,262.09539794921875,-13.877415377655097,10.945892676012932
3,3,297.6560974121094,261.1033935546875,-13.33415219809359,11.928234756670463
3,3,295.91680908203125,261.16107177734375,-11.558419224790782,11.962510629089365
3,3,296.1262512207031,260.35626220703125,-11.567244908284977,12.918548690438456
3,3,298.3182373046875,259.881591796875,-13.496928277572522,13.567016793000562
3,3,299.4785461425781,259.87548828125,-14.543785225315958,13.603323658323404
3,3,298.3611755371094,259.46728515625,-13.477608926495463,13.882709096353096
3,3,298.9119567871094,262.3099365234375,-14.049371770571042,10.901859172587194
3,3,297.6280212402344,259.02166748046875,-12.696926416911253,14.024133991708197
3,3,299.71075439453125,258.64581298828125,-14.708647794667854,14.240121898928521
3,3,297.4491271972656,259.18487548828125,-12.299423145773176,13.728522034104572
3,3,298.6000671386719,258.3773193359375,-13.723854440196533,14.221803894650066
3,3,298.5143737792969,258.902099609375,-14.027911318570546,13.395807293151108
3,3,298.47955322265625,257.98223876953125,-13.3532773550603,14.405856946019298
3,3,298.4793395996094,260.28302001953125,-12.63591951005236,12.224665674672053
3,3,299.6073303222656,255.91343688964844,-13.164503488991727,16.060638015069173
3,3,299.4717102050781,257.12164306640625,-10.261080861008736,12.719853219445895
3,4,269.3900146484375,300.6497802734375,-17.135156176569154,14.923611537130284
3,4,267.0830078125,300.75848388671875,-14.693236219460232,14.168933179662304
3,4,266.56097412109375,300.4853515625,-13.937304287986564,14.494462646530906
3,4,265.6581726074219,300.80914306640625,-12.953964301633988,14.214477040272698
3,4,267.3446350097656,300.9267578125,-14.908393680057316,13.876559316884425
3,4,270.1882629394531,300.02398681640625,-17.087404779021995,15.032169102677472
6,2,488.1997985839844,220.5326385498047,4.044373831561586,5.650460438806817
6,2,488.1822509765625,222.2166290283203,4.33821190001845,3.7776298017483327
6,2,487.7093505859375,219.92669677734375,5.049339750287288,5.885256290646481
6,2,488.56976318359375,219.72750854492188,4.136714740560706,5.951980096917339
6,2,488.5801086425781,218.87611389160156,4.074156869505941,6.670910324086606
6,2,486.7200927734375,220.83241271972656,6.0303017435670085,4.343609365401363
6,2,487.57708740234375,221.17906188964844,5.287873097766237,3.5945491339354874
6,2,487.4061584472656,221.68798828125,5.5867326002375535,2.9781292267819595
6,2,488.071044921875,223.26229858398438,5.0564674846504545,1.4329157591816681
6,2,487.7103576660156,218.85899353027344,5.46053312672484,5.837360056107059
6,2,487.4182434082031,218.5285186767578,5.688737375946914,6.136098919681871
6,2,488.35003662109375,219.28366088867188,4.659770267063493,5.3534067215650225
6,2,485.8404235839844,219.1072540283203,6.966593945491809,5.515697775888668
6,2,486.8039855957031,219.8725128173828,5.80380679626802,4.736816217702909
6,2,488.111083984375,220.70361328125,4.516888015083111,3.922002269701892
6,2,487.3939208984375,219.9962158203125,5.234282435249497,4.609553559391088
6,2,486.52374267578125,219.84925842285156,5.931944247222418,4.47148748494223
6,2,485.9032897949219,218.88356018066406,6.379877975299564,5.152157724853566
6,2,488.42071533203125,217.3347625732422,3.8705260873484235,6.831153405423663
6,2,487.57220458984375,218.11752319335938,4.75602784458863,6.256010809266343
6,2,487.9820861816406,218.23301696777344,4.5192237612840245,5.7048248642923625
6,2,487.4130859375,220.67567443847656,5.261304264934324,2.8264682978271196
6,2,487.38165283203125,218.44444274902344,5.596211170989704,5.229736783585793
6,2,502.6463928222656,214.58221435546875,6.149202642525893,2.770855191919992
6,2,504.2447814941406,215.47657775878906,4.68353837015178,1.7855599845003383
6,2,503.3038635253906,215.08595275878906,5.757178628819986,2.08525462571302
6,2,504.81561279296875,214.2755889892578,4.378153760742805,2.804686591144929
6,2,504.0181884765625,214.4542694091797,5.308300367067204,2.535075812435707
6,2,503.0621643066406,213.75631713867188,6.347638491374084,3.221787384875711
6,2,504.8746032714844,213.69798278808594,4.606098223390745,3.288904852226551
6,2,503.16314697265625,214.88429260253906,6.388452092182774,2.111378014935383
6,2,504.0727233886719,214.75,5.54977437302756,2.2544537342393483
6,2,512.1337280273438,214.39166259765625,-2.4323730237757673,2.6064087102830626
6,2,507.86224365234375,213.79864501953125,1.9331211986663561,3.165356107518676
6,2,506.5838317871094,214.8467559814453,3.3254333460687917,2.085579227442082
6,2,505.6915283203125,211.8055877685547,4.455980773527756,5.107796260471673
6,2,506.7647705078125,214.42738342285156,3.6202528156205176,2.4671074729677116
6,2,506.09637451171875,214.53746032714844,4.361579450649344,2.3577534487593255
6,2,507.0294189453125,213.42025756835938,3.4873862004564558,3.477354519856789
6,2,506.8587341308594,211.62615966796875,3.753358995543067,5.262475941783805
6,2,507.836669921875,211.21234130859375,2.8861503611233843,5.6624738047370045
6,2,507.77410888671875,212.01145935058594,3.020292051092781,4.813094437210339
6,2,507.1876525878906,211.1304473876953,3.636232849724081,5.603414774594256
6,2,509.8200988769531,215.34291076660156,1.0330095519909719,1.30106414633579
6,2,508.5794372558594,214.22994995117188,2.3028946289052215,2.324136283681213
6,2,508.661376953125,214.17750549316406,2.152627787863935,2.2717607073616364
6,2,506.55072021484375,211.36123657226562,4.009019475218338,5.037856551327593
6,2,508.1087951660156,214.3365478515625,2.1588619453585807,1.8859311597399255
6,2,507.712158203125,215.3170623779297,2.4611220034289545,0.7423436495012368
6,2,504.8658142089844,215.9225616455078,5.010387707577365,0.09307285864275627
6,2,505.2362060546875,216.05902099609375,4.364962851634687,-0.02102937251973458
6,2,504.93780517578125,213.21951293945312,4.373385780621902,2.816549820160162
6,2,505.7362060546875,212.27902221679688,3.4020362419796584,3.731323921694411
6,2,506.772705078125,213.09841918945312,2.097237636841726,2.7874535240017906
6,2,506.7098693847656,213.80364990234375,1.8917780129777952,1.9577513645127738
6,2,505.69842529296875,211.25387573242188,2.722965534135824,4.526086410658536
6,2,504.0537109375,211.63522338867188,4.192393354144826,4.171368979029808
6,2,503.9125671386719,212.8040313720703,4.15824783138396,3.0291916435324424
6,2,505.1104736328125,213.78515625,2.783628303608964,2.0749137094758225
6,2,505.6902160644531,215.97015380859375,2.09458871428933,-0.08869844357357692
6,2,504.4464111328125,216.40054321289062,3.2920459614090873,-0.5027060449146745
6,2,503.17626953125,215.13539123535156,4.315722629074003,0.8710663249374306
6,2,501.8970031738281,215.39797973632812,5.253184483007544,0.76370903056727
6,2,502.90716552734375,213.64254760742188,4.0229200284791204,2.6876486592442177
6,2,502.9088439941406,214.83413696289062,3.982391958262724,1.684137549865909
6,2,503.04156494140625,215.75045776367188,3.7787563903773957,0.9303129870735347
6,2,501.5233154296875,218.07200622558594,5.0789094568513065,-1.3443701079472135
6,2,500.6703186035156,215.35693359375,5.715597795393421,1.4171836878687998
6,2,501.1901550292969,213.9476776123047,4.979421936562176,2.872927482960023
6,2,502.0597839355469,214.9829559326172,3.8934845426824722,1.884130326627627
6,2,502.5642395019531,215.04527282714844,3.0850462892696555,1.8778484023883948
6,2,501.2160339355469,214.08924865722656,4.099495849913978,2.893152762271228
6,2,500.7804260253906,215.3571014404297,4.211326860864176,1.596285319383071
6,2,499.4303894042969,216.8805694580078,5.247246783312448,-0.03578803106466921
6,2,499.0765075683594,214.18959045410156,5.2517584724437825,2.5746132128009833
6,2,499.577392578125,216.6855926513672,4.317268838713687,0.062313241840996625
6,2,499.4290771484375,215.8531036376953,4.050051164872002,0.8840301128792589
6,2,499.1776428222656,214.66912841796875,4.027944587548973,2.110946052418882
6,2,500.0351867675781,217.2060089111328,2.8968597387416253,-0.38299372093212014
6,2,498.4195556640625,217.1639862060547,4.238954286547539,-0.29803097856051863
6,2,499.2178649902344,219.16824340820312,3.16710405688076,-2.2593474608958672
6,2,498.4689025878906,217.3971405029297,3.7440310933165506,-0.48735202221092777
6,2,499.2190246582031,218.6299285888672,2.916690699193339,-1.7346247274704183
6,2,498.2223205566406,218.1291961669922,3.769935585742644,-1.2152181475315729
6,2,497.2835998535156,217.30502319335938,4.542943468788792,-0.36166266116046586
6,2,497.9088134765625,217.4607696533203,3.7533521130256418,-0.48826333250266885
6,2,498.24072265625,217.3672332763672,3.257067813317292,-0.36558163018742107
6,2,498.5846862792969,216.6399688720703,2.758021931434371,0.43324943913805214
6,2,498.9112854003906,217.6016845703125,2.364264718643028,-0.44970522427209403
6,2,496.8694763183594,217.51614379882812,4.368230174271275,-0.36123608150705877
6,2,498.2745056152344,216.79867553710938,2.963093391231439,0.3025962393310522
6,2,497.88690185546875,216.15432739257812,3.306157386337418,1.0449834185459395
6,2,496.8926696777344,217.62986755371094,4.218720431963959,-0.2062517800690955
6,2,496.88861083984375,216.0198211669922,4.099619812724484,1.5493379601325046
6,2,497.1709289550781,218.0531768798828,3.6106349658083445,-0.4896130954911371
6,2,495.5923767089844,218.8287353515625,5.001129266550777,-1.2769315227392894
6,2,495.2039794921875,217.8972930908203,5.345086788452818,-0.4048171709607118
6,2,495.6684875488281,218.2312469482422,4.836139743262322,-0.7980979943610862
6,2,496.04241943359375,217.7836151123047,4.317459640682671,-0.3861533719382635
6,2,494.2989807128906,216.90402221679688,5.904167372641268,0.46057751690557325
4,5,354.0679016113281,382.78631591796875,-11.363241420517909,-47.947998959915026
4,5,354.74603271484375,382.404296875,-12.041372524033534,-47.565979916946276
4,5,355.95611572265625,383.65557861328125,-13.251455531846034,-48.817261655227526
4,5,356.9573974609375,384.1580810546875,-14.252737270127284,-49.319764096633776
4,5,359.5029602050781,379.61883544921875,-16.79830001426791,-44.780518491165026
4,5,358.4461364746094,383.8023681640625,-15.741476283799159,-48.964051206008776
4,5,357.96697998046875,381.9195556640625,-15.262319789658534,-47.081238706008776
4,5,355.34716796875,384.4757080078125,-12.642507777939784,-49.637391049758776
4,5,357.2115783691406,383.629150390625,-14.506918178330409,-48.790833432571276
4,2,370.4547119140625,220.37960815429688,-16.681490299432937,-1.5365500084757286
4,2,370.8973693847656,219.16534423828125,-17.124147770136062,-0.32228609246010365
4,2,369.5731201171875,217.04678344726562,-15.758895595376828,1.7762239317150943
4,2,370.2897033691406,217.29039001464844,-15.932164419698779,1.2669320347202415
4,2,369.83953857421875,217.63356018066406,-14.93867656131863,0.6580723161004016
4,2,370.0798034667969,218.67935180664062,-15.050043217099358,-0.29088081180145764
4,2,370.6205749511719,215.87118530273438,-15.513003489166408,2.7301470707944304
4,2,371.3500061035156,218.95753479003906,-16.219649956155536,-0.45599738773347553
4,2,371.39495849609375,218.39285278320312,-16.240454208918663,-0.023101253195676463
4,2,369.0007629394531,219.91940307617188,-13.853668232413384,-1.5473122500968373
4,2,365.5569152832031,219.39437866210938,-10.148906164701202,-1.0025381302587562
4,2,365.7961730957031,220.07659912109375,-9.886359929006971,-1.6511493320970487
4,2,367.542236328125,217.39358520507812,-11.590874789640907,1.0606671048608405
4,2,366.36102294921875,219.671630859375,-11.392063918843178,-1.1992457845497881
4,2,367.0952453613281,219.54457092285156,-13.014713230241512,-1.0422809595790454
4,2,365.01171875,218.01425170898438,-10.872343180541577,0.6389353242765026
4,2,367.0706481933594,219.73248291015625,-12.87287015158148,-0.9295296124327024
4,2,365.4180908203125,219.08546447753906,-11.652982614058828,-0.21774850180187855
4,2,366.2415771484375,216.6018524169922,-12.978948836477457,2.3185283222539397
4,2,366.0743408203125,218.25830078125,-12.996523847690298,0.6825792546835316
4,2,367.90032958984375,218.7467498779297,-14.845617302214634,0.19885126077747373
4,2,366.2647399902344,218.95562744140625,-12.160864518127312,-0.3047786755813604
4,2,364.10394287109375,218.28091430664062,-9.042483814974332,0.1011921163506031
4,2,364.5885925292969,218.957275390625,-9.554726193216538,-0.5707561736346065
4,2,364.36505126953125,217.6989288330078,-9.493558805758653,0.7294029378739992
4,2,364.1609191894531,217.82513427734375,-9.303793900334028,0.585956343362966
4,2,363.646240234375,217.58621215820312,-8.72897157596816,0.7779075437734946
4,2,365.1373596191406,219.44271850585938,-10.182585550874421,-1.0866832565357925
4,2,365.1348571777344,218.56289672851562,-10.170962814520976,-0.1661852427500321
4,2,364.5988464355469,217.1017303466797,-9.65267739268586,1.3157970123048415
4,2,365.070068359375,221.597900390625,-10.235601882020092,-3.2290790168125625
4,2,365.6003723144531,220.83653259277344,-10.877679038493739,-2.5163708359887664
4,2,364.61260986328125,218.97113037109375,-10.111881378333692,-0.6312164446884196
4,2,364.91204833984375,218.33221435546875,-10.631489386195426,0.02729198425447521
4,2,365.7361145019531,218.62631225585938,-11.688033351363003,-0.252548425811284
4,2,362.5982360839844,217.7534942626953,-8.785547370555832,0.6330707778592171
4,2,362.8975830078125,216.34873962402344,-9.180192079515109,2.065512491332811
4,2,364.25860595703125,218.6166534423828,-10.529213664832014,-0.1633353240206077
4,2,365.9160461425781,218.1684112548828,-12.008263572421072,0.36269759331747764
4,2,364.3730163574219,219.15513610839844,-10.213891947942443,-0.5470800740671962
4,2,364.7409973144531,217.95152282714844,-10.548590003253082,0.5934290422200377
4,2,365.71441650390625,216.47210693359375,-11.743525084139833,1.8477039547355503
4,2,366.6112365722656,218.3632049560547,-12.641295004217,-0.16475196724852026
4,2,365.87640380859375,217.1865234375,-11.618320438788032,1.096369898776544
4,2,365.1668395996094,219.1820831298828,-10.567088591674064,-0.8590915603218434
4,2,365.5780944824219,216.63406372070312,-10.393780283528201,1.635535949106469
4,2,367.2054748535156,217.14613342285156,-11.821650334671006,1.1552087919006624
4,2,363.79901123046875,220.02162170410156,-8.487197488462868,-1.6069546505253243
4,2,366.3631896972656,218.89157104492188,-10.916741500200715,-0.39855938504317123
4,2,366.2101135253906,217.33123779296875,-9.9933610572063,1.133412827478935
4,2,366.09625244140625,216.0351104736328,-9.16027120203978,2.405915261391101
4,2,365.27667236328125,216.93788146972656,-9.032708167554063,1.6404000099705058
4,2,368.7063293457031,216.2154998779297,-12.87832791642029,2.42148229074229
4,2,368.48638916015625,215.76112365722656,-12.470537422028428,2.675432836108996
4,2,369.5251770019531,217.23497009277344,-13.321448080830294,1.0011320520246443
4,2,367.2841796875,215.427490234375,-11.08233608635237,2.767413353127921
4,2,368.4580383300781,215.98902893066406,-12.273570313541143,2.1777416308054853
4,2,367.1802673339844,215.4781036376953,-11.497972414287347,2.7425124593743817
4,2,368.21722412109375,216.44093322753906,-13.233901571055526,1.8671714966012019
4,2,367.07568359375,217.38674926757812,-12.449107475597884,0.9660085171019546
4,2,366.6861267089844,216.84095764160156,-12.05955059083226,1.511800143078517
4,2,366.2401123046875,215.99269104003906,-11.613536186535384,2.360066744641017
4,2,366.8088073730469,215.1833953857422,-12.18223125489476,3.169362398937892
4,2,365.6522521972656,215.447021484375,-11.02567607911351,2.9057363003050796
4,2,366.70965576171875,215.11614990234375,-12.083079643566634,3.2366078823363296
4,2,367.6423034667969,214.4126739501953,-12.463637834869871,4.003315084563013
4,2,366.5287780761719,211.82093811035156,-10.222593162713281,6.724186602371532
4,2,366.9113464355469,212.5137481689453,-9.83574303563455,6.095285236089239
4,2,366.26812744140625,213.5596160888672,-9.325786250906162,4.9477221930855535
4,2,366.48797607421875,213.5855712890625,-9.673110244884072,4.809450375607099
4,2,369.0818786621094,215.44752502441406,-12.298018733119989,2.6668685323947443
4,2,369.0755310058594,214.7921905517578,-12.322700157168754,3.0413651001381083
4,2,367.5574645996094,213.14820861816406,-10.64753000112023,4.610041146974794
4,2,369.0942687988281,211.67208862304688,-11.925748378516005,6.039406057619715
4,2,366.1347351074219,211.4802703857422,-8.772131980486563,6.1961320641176485
4,2,366.4559631347656,213.2448272705078,-8.897843898647068,4.396223774019347
4,2,367.3436584472656,214.4073944091797,-10.019027126895992,3.232955310836985
4,2,366.1739196777344,214.10134887695312,-9.365583549556902,3.55454617421384
5,3,397.0638122558594,297.848388671875,-6.192123503143478,5.423977227642979
5,3,397.0364074707031,296.72027587890625,-6.222278172822826,6.344527100389996
5,3,397.95843505859375,297.04327392578125,-6.956934240817986,5.966345432965625
5,3,398.0095520019531,295.5975341796875,-6.696335866771506,7.4342336425048074
5,3,398.675537109375,295.89593505859375,-7.172650213575253,7.067924110053298
5,3,398.6277160644531,295.44439697265625,-7.089326766288195,7.337619475388635
5,3,399.40325927734375,294.49169921875,-7.8150809729961,8.061711136895838
5,3,396.9989013671875,297.755126953125,-5.3103723759254535,4.403758843543699
5,3,398.2647705078125,298.9705810546875,-6.475882854409008,2.793748828730088
5,3,397.44451904296875,298.12457275390625,-5.672952176453862,3.5773776487648092
5,3,399.6196594238281,299.09051513671875,-7.865320142274754,2.549689524395774
5,3,400.3095703125,297.63897705078125,-8.345425117608556,4.424292376217352
5,3,398.37353515625,297.227783203125,-6.218708877234292,5.22514221658281
5,3,398.5812683105469,295.40087890625,-6.715778256994668,7.02002337756187
5,3,396.8377685546875,298.39404296875,-5.222482000004163,3.9670405329831624
5,3,395.156005859375,299.656494140625,-3.7389465171461325,2.488203528784311
5,3,398.9458923339844,298.81982421875,-7.727201986369437,3.1083328482098977
5,3,398.5140686035156,297.45892333984375,-7.545243516157825,3.982831714283577
5,3,398.26904296875,298.44781494140625,-7.561424067624955,2.4406274102668135
5,3,399.2899169921875,295.861328125,-8.751366442770689,4.569621010906701
5,3,396.69439697265625,295.99237060546875,-6.219703385694345,4.194126801517655
5,3,397.85260009765625,297.30181884765625,-7.533827086806127,1.6620446924964085
5,3,397.184326171875,298.28924560546875,-6.88236196666054,0.10547525659666235
5,3,397.9205017089844,298.80908203125,-7.514638945040929,-0.4121082194467931
5,3,397.3760986328125,296.643310546875,-6.821587514589794,1.8008730897227565
5,3,396.542236328125,298.07122802734375,-5.982282131083366,0.08660409990949347
5,3,395.9945373535156,296.93878173828125,-5.429136181640445,0.9324939166421586
5,3,395.4027404785156,294.84576416015625,-5.210148155455613,2.4346713805595073
5,3,388.8736267089844,283.56781005859375,-1.5238859750388656,3.4422134829340507
5,3,386.1883239746094,280.76934814453125,1.3854418696750486,6.232336636566856
5,3,388.8208312988281,285.48150634765625,-1.0230367833898981,1.511839540469964
5,3,388.1850891113281,284.70916748046875,0.11599709605593489,2.58423366633383
5,3,389.71685791015625,285.75811767578125,-0.882437394907015,1.8708308739926451
5,3,392.494140625,284.19598388671875,-3.422122074059132,3.5366582132066355
5,3,391.6909484863281,286.3853759765625,-2.5233771388041646,1.3395958886223411
5,3,389.1950378417969,283.76495361328125,0.14352103554881523,3.965440457992827
5,3,389.9932556152344,284.08050537109375,-0.3928043884187673,3.671070984992923
5,3,391.04583740234375,284.17462158203125,-1.2383175198392564,3.559503497797323
5,3,390.95257568359375,283.392333984375,-1.1167537521500321,4.197472371056733
5,3,392.0774230957031,283.12078857421875,-2.2132572789951155,4.324485723672979
5,3,391.6977233886719,282.60357666015625,-1.8050440921347786,4.696300778099044
5,3,393.3414306640625,282.3375244140625,-3.4204488687332173,4.818032005891212
5,3,389.5500793457031,282.55560302734375,0.34402986169840233,4.799131546398712
5,3,390.2722473144531,280.91693115234375,-0.4188669097589468,6.723244608565665
5,3,391.22003173828125,282.0736083984375,-1.2867717224066268,5.776497400982635
5,3,391.8798522949219,282.72064208984375,-1.778584327789531,5.284210743801395
5,3,393.1966247558594,282.6846923828125,-3.0090653506036915,5.3426961984865216
5,3,393.26629638671875,280.81207275390625,-3.1400968961561375,6.998967807842632
5,3,392.9158020019531,281.04107666015625,-2.8550234494542224,6.565793149812123
5,3,394.1585388183594,282.83331298828125,-4.189983005617194,4.646542764371077
5,3,392.8014831542969,280.018310546875,-2.9244070765496986,7.335554454097576
5,3,392.61920166015625,280.5074462890625,-2.7596364543972527,6.5463030284007
5,3,392.0378723144531,279.93572998046875,-2.1895050807468692,6.803307640413323
5,3,391.9058532714844,280.39117431640625,-2.332876235675201,5.921325380862243
5,3,392.517333984375,281.75543212890625,-3.332594801616665,4.082433480920429
5,3,392.83392333984375,281.65936279296875,-3.817755401943998,3.915631802494829
5,3,390.8683166503906,282.32098388671875,-1.782044285873269,3.22122456202527
5,3,392.97857666015625,283.69097900390625,-3.8667949506990453,1.6529457888167371
5,3,392.72210693359375,282.1680908203125,-3.712873462825712,2.503360697367441
5,3,393.48175048828125,282.32550048828125,-4.566384436145711,1.687451318687181
5,3,393.5231628417969,282.74615478515625,-4.494292045015243,1.042875959965727
5,3,392.6864929199219,281.92828369140625,-3.5442832341271355,1.6371531902569814
5,3,391.4574279785156,280.6954345703125,-2.3830669857673,2.4894988276947743
5,3,391.1900329589844,277.63323974609375,-2.2225252045892034,5.137456418161662
5,3,391.0872802734375,279.35357666015625,-1.9295707845133734,3.1518564653237604
5,3,391.62823486328125,278.8101806640625,-2.0834934943033545,3.528690956100718
5,3,393.1209716796875,276.85516357421875,-3.2930852135194755,5.256350448713192
5,3,392.1018371582031,278.230224609375,-2.159418108134105,3.5520419912176067
5,3,392.9541931152344,278.56658935546875,-2.946110405163779,2.8475684498367286
5,3,394.6017150878906,278.318603515625,-4.7666651003198695,2.5203597304617347
5,3,393.5655517578125,276.28277587890625,-3.9032569368776535,3.9819154578541998
5,3,393.41156005859375,277.0250244140625,-3.444741916858618,3.623372428709672
5,3,394.78851318359375,275.41046142578125,-4.489851920649244,5.676490493433164
5,3,393.5108337402344,273.67987060546875,-3.2743772296049656,7.3898379362877336
5,3,394.9327392578125,274.8056640625,-4.9792767219630605,6.00968780958118
5,3,395.4792175292969,274.5513916015625,-5.596037160949379,5.839624446322944
5,3,395.7571716308594,272.3017578125,-5.917067847867941,7.614813372718061
5,3,396.098388671875,273.9351806640625,-6.470240122691052,5.570125006590274
5,3,395.7499694824219,274.615966796875,-6.435905683045689,4.513672798864604
5,3,441.42510986328125,298.2432861328125,-4.434934724021616,5.685600581319534
5,3,440.5758972167969,299.460693359375,-3.1524363012761683,4.372371915399071
5,3,439.57122802734375,298.86126708984375,-1.6987309697311161,4.878570363633173
5,3,441.4222106933594,299.6761474609375,-3.1412901309098515,4.184762545674062
5,3,439.8588562011719,299.60919189453125,-0.4476066250754229,4.578083652456826
5,3,441.03564453125,299.6370849609375,0.6396065051416713,3.7425601803134327
5,3,441.999267578125,299.07989501953125,1.6605734759211828,4.067229829765097
5,3,443.5655212402344,299.23309326171875,0.6155220540819073,3.7147682398862685
5,3,448.0861511230469,297.49639892578125,-2.904161466145581,4.963540551115955
5,3,446.94439697265625,298.31011962890625,-1.4457637502636658,4.1046531003401014
5,3,446.32830810546875,299.1405029296875,0.6050925035921182,2.9243098771805762
5,3,446.1200866699219,298.5772705078125,1.3586806104528932,3.023877518085385
5,3,448.0710144042969,298.11334228515625,0.4608359131426596,3.6541022858731367
5,3,447.5165100097656,299.34466552734375,2.043164664955043,2.5514027479012498
5,3,446.76513671875,298.7666015625,2.819068341944842,2.710689105807546
5,3,447.1707763671875,297.8905029296875,2.522220828111415,3.2473860126023624
5,3,448.52069091796875,297.85308837890625,1.4670688787369386,3.120753543002479
5,3,447.74554443359375,296.74139404296875,2.5524266007533924,4.072006086735314
5,3,448.66583251953125,297.70550537109375,2.1022466038468792,2.982655158100158
5,3,449.4371032714844,295.716552734375,1.7972670456724131,4.847385037983088
5,3,449.8675842285156,295.1976318359375,1.8063347608550657,5.396841645643065
5,5,400.8415222167969,422.76019287109375,-12.474247916732509,-56.72279850539144
5,5,402.0728759765625,422.3388671875,-13.705601676498134,-56.30147282179769
5,5,402.15740966796875,420.771484375,-13.790135367904384,-54.73409000929769
5,5,401.2893981933594,421.53033447265625,-12.922123893295009,-55.49294010695394
5,5,400.99688720703125,417.74822998046875,-12.629612906966884,-51.71083561476644
5,5,400.1732482910156,419.8897705078125,-11.805973990951259,-53.85237614211019
5,5,399.56805419921875,418.499267578125,-11.200779899154384,-52.46187321242269
5,5,404.333251953125,421.22552490234375,-15.965977653060634,-55.18813053664144
5,5,402.2902526855469,419.86932373046875,-13.922978385482509,-53.83192936476644
5,5,401.2530212402344,421.65484619140625,-12.885746940170009,-55.61745182570394
5,5,400.74786376953125,418.78106689453125,-12.380589469466884,-52.74367252882894
5,5,399.9886474609375,418.7188720703125,-11.621373160873134,-52.68147770461019
5,5,401.45318603515625,424.57489013671875,-13.085911735091884,-58.53749577101644
5,5,399.1301574707031,422.37384033203125,-10.762883170638759,-56.33644596632894
5,2,424.24395751953125,216.54473876953125,-25.190038288542553,2.0008027543466653
5,2,423.2678527832031,215.3914337158203,-24.187130382904854,3.1456119291277957
5,2,424.0558166503906,215.48175048828125,-24.948290654754032,3.0467991426974663
5,2,425.4349365234375,216.30186462402344,-26.330574756412886,2.22856933409048
5,2,425.6432189941406,216.08152770996094,-26.544568356715388,2.4516727917765024
5,2,423.3428649902344,215.4437255859375,-24.20593743749339,3.166905405636271
5,2,424.224365234375,215.89169311523438,-25.030986518162592,2.8270727875363946
5,2,424.5678405761719,215.12998962402344,-25.3310427701997,3.667591628702155
5,2,423.7696228027344,216.2369842529297,-24.50313591804371,2.6085219530807535
5,2,424.6093444824219,216.26528930664062,-25.328919728318965,2.6053015423191823
5,2,423.9503173828125,215.65939331054688,-24.699558206241193,3.1730577436686076
5,2,424.2201232910156,217.179931640625,-24.988050791663454,1.6169016792092634
5,2,423.84210205078125,217.2183837890625,-24.39119785365466,1.5963884216690474
5,2,424.6958923339844,214.55935668945312,-25.026152960816205,4.27335469730923
5,2,425.1109924316406,214.63645935058594,-25.381795508321204,4.173230749161519
5,2,424.7300720214844,216.63157653808594,-24.976048228658783,2.146566611298425
5,2,425.8786315917969,216.01663208007812,-26.122652633441078,2.74945186180625
5,2,426.7081604003906,219.5169219970703,-26.964857463632825,-0.7504310897502648
5,2,424.7877502441406,218.08517456054688,-25.06011368663485,0.6833925463737671
5,2,424.02532958984375,219.7180938720703,-24.318068801350535,-0.9448220310754323
5,2,424.8591613769531,217.48890686035156,-25.163414306971788,1.2862126656697512
5,2,425.5836181640625,215.1353759765625,-25.8551583531451,3.627332825895479
5,2,425.1643981933594,216.0169219970703,-25.40322564150597,2.733376081824332
5,2,424.8932189941406,215.85971069335938,-25.43860110513799,2.990051278859454
5,2,423.84552001953125,217.4167938232422,-24.714484222431963,1.538059548479339
5,2,425.5668640136719,216.25294494628906,-26.473723296632272,2.6686884037569314
5,2,426.843017578125,217.2557373046875,-27.683662225946932,1.5822063804853883
5,2,427.0855712890625,217.07040405273438,-27.911099803089087,1.7211624759356425
5,2,423.7571716308594,216.49771118164062,-24.616584852185156,2.283232032663193
5,2,425.1828308105469,218.8396759033203,-26.078391837402535,-0.07367404706624825
5,2,424.4872131347656,218.0279998779297,-25.424634761121183,0.7123970376309785
5,2,423.53302001953125,217.2935333251953,-24.511056632205566,1.424919259476951
5,2,424.3331604003906,216.27532958984375,-25.334866376185744,2.471865556874917
5,2,424.0032958984375,216.14215087890625,-25.028462783775012,2.633533697153837
5,2,422.6481018066406,216.2086639404297,-23.670677972831356,2.608170384235052
5,2,425.45941162109375,215.03457641601562,-26.47268015077475,3.839968226787448
5,2,424.9209899902344,217.6006317138672,-25.92925548133377,1.274668858345592
5,2,424.48504638671875,218.6936798095703,-25.488374833468242,0.18095587284014414
5,2,426.11968994140625,218.93576049804688,-27.120984918535328,-0.09183986211121464
5,2,425.6938781738281,216.28070068359375,-26.69412761725266,2.5222812184990175
5,2,423.5285949707031,216.7285614013672,-24.501368098842818,2.0671095860508046
5,2,424.7585754394531,216.49163818359375,-25.679467579112043,2.327395606088004
5,2,425.3312072753906,216.41722106933594,-26.23114765072529,2.4226196041151695
5,2,425.2185974121094,216.8101806640625,-26.164843184888525,2.0453257944255654
5,2,424.7254943847656,217.00808715820312,-25.713212981467393,1.8623988510741185
5,2,424.29962158203125,216.8472442626953,-25.27985809556253,2.0312747933167543
5,2,424.4198303222656,216.57752990722656,-25.39259580444792,2.3090103298678457
5,2,425.2778625488281,215.5624542236328,-26.248918403109712,3.318766251086771
5,2,425.774169921875,216.7349090576172,-26.744390208755078,2.1389694934225645
5,2,424.2933349609375,217.11328125,-25.281425790157584,1.7764077786413566
5,2,427.49151611328125,218.0940704345703,-28.50788156535259,0.8242557855212453
5,2,424.5497741699219,217.27349853515625,-25.58783590429192,1.6478314155624787
5,2,424.6087646484375,217.6467742919922,-25.66025229901453,1.2444741134919468
5,2,424.3445739746094,216.85372924804688,-25.389254960209087,2.037703551678163
5,2,425.52862548828125,218.33229064941406,-26.491689048740966,0.671236198278649
5,2,426.470703125,217.53170776367188,-27.352147963034156,1.5839149136913022
5,2,427.0279846191406,215.8667449951172,-27.744841446363353,3.3525520065287253
5,2,426.1907653808594,216.10536193847656,-26.742306546511827,3.217537459954258
5,2,426.96636962890625,217.06546020507812,-27.54860098292619,2.1752940027710395
5,2,425.5242919921875,215.77618408203125,-26.19653410529412,3.3257760815745314
5,2,425.593994140625,217.0423126220703,-26.413033334634804,1.9167361768473938
5,2,423.9944763183594,216.84921264648438,-25.00614446263978,1.9627471774911385
5,2,426.3643493652344,219.1221160888672,-27.29702784107286,-0.5052946716158147
5,2,425.109130859375,217.5846710205078,-25.423779235799714,0.7416469488631776
5,2,425.3300476074219,218.3089141845703,-25.109876368037988,-0.23927517787689112
5,2,423.9372253417969,215.79331970214844,-23.82675506735592,2.2816280328200094
6,3,492.2782287597656,226.58340454101562,5.20437662760304,3.0150958348438337
6,3,490.55316162109375,225.55914306640625,6.974811984028747,3.9102863864950166
6,3,491.6333923339844,226.12600708007812,5.9401440213782735,3.2231677456522903
6,3,490.8872375488281,227.80665588378906,6.418481438659569,1.4993166042524138
6,3,491.1706237792969,226.16690063476562,5.740279559799035,3.1270171992914015
6,3,490.4629821777344,226.59658813476562,6.12498889432527,2.5881939592966887
6,3,491.35369873046875,226.35430908203125,4.988936827419309,2.624212634476322
6,3,491.3111267089844,225.74176025390625,4.887939118039583,3.1816753858165043
6,3,491.04632568359375,225.3816375732422,5.27345349420284,3.879305186558355
6,3,490.5220947265625,225.67066955566406,5.925976765619453,3.9082855930925575
6,3,491.7743225097656,225.07322692871094,4.76392059443458,3.785661271203594
6,3,489.0877685546875,225.7790069580078,6.681504106205466,2.9972442895285667
6,3,490.2931823730469,228.95550537109375,5.019467537622745,-0.19749449528035257
6,3,487.4622802734375,225.75503540039062,7.330152936850254,2.8972813730436826
6,3,489.1090087890625,226.51284790039062,5.086711809696283,1.8060056555127062
6,3,488.29864501953125,225.42047119140625,5.7532499536758905,2.689133425494333
6,3,487.6181335449219,226.38587951660156,6.317431560857244,1.7778840682879888
6,3,487.4651184082031,225.50509643554688,6.355316357305071,2.7243369100652615
6,3,488.3263244628906,225.26954650878906,5.219401348902807,2.9285346743955074
6,3,488.9729309082031,226.43960571289062,3.9188706429282547,1.6608208865664267
6,3,486.3431701660156,226.85264587402344,5.5969175536328635,1.0625148544025649
6,3,486.00921630859375,225.19757080078125,5.626553187811794,2.579854499573571
6,3,486.9237060546875,225.06076049804688,4.668085886816982,2.63825772856444
6,3,486.6284484863281,226.68734741210938,4.919435744720488,0.9333882656114838
6,3,485.9250793457031,227.09292602539062,5.577280962334896,0.5044214146094532
6,3,486.08697509765625,226.10662841796875,5.370033686474642,1.4764965990414964
6,3,487.3475341796875,225.14892578125,4.173042616713531,2.3821266538126906
6,3,486.15533447265625,225.49273681640625,6.012302672181022,1.2695160847343914
6,3,523.6068115234375,269.776123046875,5.892060250351733,8.203783078227161
6,3,524.0802001953125,271.5982666015625,5.194580982973889,6.522463789444316
6,3,524.7236328125,270.93438720703125,4.874343466517985,7.847550620817287
6,3,524.1552734375,270.89935302734375,4.633504715577828,8.486683876931465
6,3,524.7501220703125,272.19219970703125,4.095389182681515,7.439495587772967
6,3,524.5152587890625,271.02923583984375,4.227305703685488,8.749998318932285
6,3,524.4395751953125,271.6268310546875,4.285875161837794,8.297173638725212
6,3,524.044189453125,271.80194091796875,4.744088199769408,8.444778525886932
6,3,523.70458984375,270.09515380859375,5.165340043073343,10.363601009269303
6,3,524.06298828125,270.3262939453125,4.805298431242363,10.831196050753192
6,3,524.4365234375,268.92706298828125,4.364433594954676,12.2925861888545
6,3,524.7491455078125,271.40692138671875,3.699079146538452,10.442034070768898
6,3,524.143310546875,271.967529296875,4.132621922574117,10.457523506197106
6,3,522.4317626953125,272.110107421875,5.848281279783578,10.465835860271625
6,3,522.340087890625,273.0184326171875,5.944067655469212,9.708403542394592
6,3,523.2733154296875,274.54302978515625,5.030507538065763,8.380136206977454
6,3,521.9228515625,274.57513427734375,6.540401115487839,8.445719332309523
6,3,523.2757568359375,273.50543212890625,5.346928086374305,9.613110650983288
6,3,523.0968017578125,277.923583984375,5.592983774359823,5.223793943858709
6,3,521.41455078125,271.998779296875,7.328430792434915,11.167098428198358
6,3,522.7281494140625,273.51605224609375,6.103061938337305,9.85904576515685
6,3,523.7698974609375,276.2071533203125,5.167003223660345,7.476169124536739
6,3,523.772705078125,275.85247802734375,5.150817163921488,7.9933830422803
6,3,523.5958251953125,276.39923095703125,5.159560521639264,7.419650429638978
6,3,523.038818359375,277.65509033203125,5.604414773212511,6.1659762493708286
6,3,523.633056640625,273.2833251953125,5.103312103524786,10.646870663579193
6,3,524.2896728515625,274.36944580078125,4.539832984513396,9.66988107017869
6,3,523.87255859375,274.6173095703125,4.901269005236713,9.66947822607517
6,3,524.4503173828125,276.4759521484375,4.266751800697307,8.059303776459501
6,3,523.930908203125,275.73272705078125,4.635894575903649,10.0925300868563
6,3,523.304931640625,278.4246826171875,5.0857299923229675,8.98277881791148
6,3,515.006591796875,278.867431640625,13.394979646875754,9.404084540140559
6,3,514.3480834960938,277.82513427734375,14.212602194749934,10.741457352188604
6,3,516.5716552734375,279.567626953125,12.114886635212656,9.219775259504502
6,3,524.96923828125,284.14434814453125,5.20110122705637,8.536955649619472
6,3,524.7076416015625,282.45843505859375,5.502104116866462,10.33452496385172
6,3,524.219970703125,284.00982666015625,5.969098275532019,9.074422343809829
6,3,523.4212646484375,285.9664306640625,6.803926322208781,7.186386216812252
6,3,523.7215576171875,284.06280517578125,6.5918827630266605,9.14709347770139
6,3,524.2725830078125,284.69830322265625,6.146104278775283,8.705260285282066
6,3,521.5489501953125,285.5126953125,9.00404076911525,8.296969994188998
6,3,524.070556640625,286.4383544921875,6.571044438688432,7.786852660657416
6,3,524.235595703125,286.610595703125,6.274533041882137,8.075581052913094
6,3,524.2012939453125,285.37750244140625,6.177360375673402,9.769651244804777
6,3,523.592529296875,284.842529296875,6.904134156801206,10.359564408622873
6,3,523.6148681640625,286.2808837890625,7.011694458714487,8.954705973457578
6,3,523.9927978515625,285.69091796875,7.140094156094847,9.964742540318298
6,3,524.800537109375,287.9698486328125,6.36393842300231,8.307026057704036
6,3,502.1659851074219,250.73492431640625,4.672296414887683,4.665687135186005
6,3,502.2978515625,250.1033172607422,4.683180395487113,5.405403069535055
6,3,503.5890808105469,249.47048950195312,3.53447260203302,6.146166293259483
6,3,501.7759704589844,250.02784729003906,5.3183378733318705,5.5989624650752035
6,3,502.35076904296875,250.5511932373047,4.682543667820994,5.067691409995263
6,3,504.44012451171875,248.0709228515625,2.3293980806311083,7.319527011422281
6,3,503.4151611328125,249.26446533203125,2.9641971981519077,5.760656311473809
6,3,502.4067077636719,250.20343017578125,3.79289852321034,4.60892442485752
6,3,502.0897216796875,248.5384063720703,4.227881530875095,6.276019780773538
6,3,503.141845703125,249.6232147216797,3.2366190165644753,5.163126484079328
6,3,502.6080017089844,251.39208984375,3.5854106713670717,3.2363753645737177
6,3,503.3561706542969,249.6614532470703,2.6521923280236592,4.8091384731719415
6,3,500.03265380859375,250.5955352783203,5.840055629425535,4.245877452604873
6,3,501.84197998046875,251.0916748046875,3.8967217220686052,4.138144448810863
6,3,502.64031982421875,254.08013916015625,3.1330013930355562,1.024526439677686
6,3,502.47900390625,252.38433837890625,3.3583872528495817,2.511458228161416
6,3,502.5823974609375,250.4491424560547,3.21017104627731,4.275341010479622
6,3,502.9353332519531,250.81248474121094,2.795691686165469,3.746216414553288
6,3,500.4184875488281,251.44496154785156,5.250994798396107,2.9479599321630587
6,3,501.70880126953125,250.379150390625,3.899137508596823,3.847988778619566
6,3,502.1805114746094,251.76014709472656,3.466721738091451,2.496582529165579
6,3,500.72149658203125,252.1564178466797,5.10239985229407,2.3960513285661307
6,3,501.5064697265625,252.17617797851562,4.406690535610323,2.58203896809178
6,3,500.94525146484375,249.84103393554688,4.711614838145863,4.767132239685765
7,3,542.5045166015625,241.99124145507812,-18.2811583038889,10.92220778954922
7,3,543.3873291015625,242.1142120361328,-19.157756446731355,10.688843873657532
7,3,541.9937744140625,242.50132751464844,-17.664901452968707,10.157027025039554
7,3,541.565185546875,241.92442321777344,-17.203819427782946,10.666133549691722
7,3,539.6177978515625,241.5509490966797,-15.272038540668632,11.027178299130867
7,3,540.8953857421875,242.5403594970703,-16.532907855662188,10.03488678049402
7,3,540.6793212890625,240.9692840576172,-16.241982608350554,11.620185417153124
7,3,542.02587890625,242.00755310058594,-17.514164561666803,10.585372022616696
7,3,540.62109375,242.71127319335938,-16.033945300136452,9.823828136369372
7,3,542.0484619140625,242.93295288085938,-17.385990783003308,9.544410067202705
7,3,543.818359375,245.02195739746094,-19.230764424071822,7.480957366937048
7,3,544.05029296875,242.2749786376953,-19.5494752902423,10.260088688837214
7,3,544.3287353515625,240.50344848632812,-19.808078813313728,12.128621834770485
7,3,545.1279296875,243.177734375,-20.55224598033442,9.57274217032284
7,3,543.076171875,242.18235778808594,-18.49748650098593,10.688858576851487
7,3,543.6494140625,241.24197387695312,-19.114149089069542,11.753049964702768
7,3,543.6173095703125,243.88400268554688,-18.994844218889057,9.179042189590461
7,3,544.3192138671875,241.49249267578125,-19.32859959807149,11.52048927820286
7,3,543.4566650390625,241.5379180908203,-18.13763274785026,11.402601242498577
7,3,543.5052490234375,242.6252899169922,-18.22856248895971,10.029940252252771
7,3,540.9190673828125,242.0406951904297,-15.684725932006245,10.329250349258814
7,3,542.6026611328125,240.83413696289062,-17.330730313198274,11.502738748809406
7,3,543.421142578125,241.3122100830078,-18.1001064768858,11.027934376181122
7,3,543.150634765625,242.7994842529297,-17.774277637435603,9.56258080947461
7,3,545.2271728515625,242.21713256835938,-19.792153993085776,10.176773560286222
7,3,542.8421630859375,243.332275390625,-17.252256285974454,9.094606877577746
7,3,543.352294921875,242.848388671875,-17.60509091717347,9.597791152893961
7,3,544.864013671875,241.17681884765625,-18.95953496239281,11.288655773336131
7,3,544.9371337890625,240.55296325683594,-18.87535787484194,11.931808920722688
7,3,544.86474609375,242.5343475341797,-18.71811094057125,9.948501141409707
7,3,544.3367919921875,240.38052368164062,-18.252078907616124,12.057399863618059
7,3,545.0709228515625,241.29063415527344,-19.03242684538202,11.107505708367341
7,3,545.317138671875,244.92437744140625,-19.168221205417012,7.4768816215622
7,3,546.014404296875,244.37130737304688,-19.802010550847513,8.031744775867566
7,3,547.069580078125,240.23727416992188,-20.857186332097513,12.165777978992566
7,3,547.3056640625,240.687255859375,-21.093792163085936,11.716081685639438
7,3,546.457763671875,241.8009490966797,-20.316498180379654,10.641002847543348
7,3,547.2691650390625,241.66912841796875,-21.198556456771144,10.811465544440296
7,3,547.5325927734375,242.59259033203125,-21.35243213325259,9.858735184905754
7,3,548.1427001953125,240.20339965820312,-21.804198487271492,12.200284920163682
7,3,547.8560791015625,242.09136962890625,-21.359118036728205,10.26463842065428
7,3,545.61767578125,241.45262145996094,-18.961085054180785,10.855357944627855
7,3,547.8240966796875,241.11585998535156,-21.024350754985107,11.16527347612967
7,3,546.143798828125,239.55316162109375,-19.22878622162284,12.739307821465474
7,3,547.7005615234375,241.3850555419922,-20.669239510123703,10.92024049017823
7,3,545.9700927734375,240.89999389648438,-18.815560483446575,11.42800990738806
7,3,546.640869140625,241.27359008789062,-19.319717975724757,11.077071241833579
7,3,546.8199462890625,239.83566284179688,-19.36595536736411,12.506342493914161
7,3,547.14794921875,240.3048858642578,-19.563133808965745,12.028784970824063
7,3,547.2210693359375,238.94337463378906,-19.597360472482137,13.396618068683182
7,3,545.9278564453125,239.2444305419922,-18.264936991432137,13.101935576301173
7,3,546.163818359375,240.40689086914062,-18.462005451823416,11.945797116543076
7,3,547.233642578125,241.25894165039062,-19.492935598701933,11.100068303167717
7,3,547.5606689453125,238.6954345703125,-19.768075178313893,13.672009229032284
7,3,547.191162109375,239.6259002685547,-19.3597033259191,12.74786077590403
7,3,547.5062255859375,241.2871856689453,-19.635872730610117,11.092897343388046
7,3,548.6165771484375,241.2217254638672,-20.707330221238635,11.164679516340811
7,3,546.8773193359375,241.36407470703125,-18.91621405837691,11.030759496686727
7,3,547.6011962890625,239.73019409179688,-19.600878566476013,12.671013829195033
7,3,546.5867919921875,239.60536193847656,-18.54758019772953,12.802167950389986
7,3,544.361572265625,242.02020263671875,-16.28346949029708,10.393648717601081
7,3,546.9273681640625,238.55055236816406,-18.79597936922869,13.847706188619242
7,3,545.68505859375,240.23077392578125,-17.476545855181143,12.115577301511792
7,3,547.04638671875,242.60812377929688,-18.760739002977857,9.686312692564655
7,3,545.339111328125,240.5029754638672,-16.97633966861781,11.739553678504109
7,3,531.4986572265625,242.08871459960938,-0.5792431517065779,6.735372178622555
7,3,531.093994140625,244.6211700439453,-0.46409540127820037,3.63914884310023
7,3,532.0308837890625,242.61756896972656,-1.571734868357339,5.310251934071232
7,3,531.1741943359375,245.02151489257812,-0.7150454152323391,2.9063060112196695
7,3,531.5302734375,242.100830078125,-1.0099712534406535,5.745447291784245
7,3,549.2880859375,261.0654296875,-18.759537298365217,-16.106160540420802
7,3,549.0474853515625,261.3153076171875,-18.510503144284485,-16.366803793706083
7,3,546.610107421875,259.02886962890625,-16.06469043993468,-14.091132669126154
7,3,550.51318359375,259.88226318359375,-19.75186955912352,-15.621034523581898
7,3,548.9866943359375,257.4185791015625,-17.99055888829514,-13.894587757035225
7,3,550.0633544921875,257.22186279296875,-18.8323640376218,-14.435214234214413
7,3,551.378173828125,257.1197509765625,-19.910264207656382,-15.076925766853407
7,3,549.095947265625,256.77545166015625,-17.50643889818741,-15.114393737468959
7,3,548.9935302734375,259.21063232421875,-17.40402190599991,-17.54957440153146
7,3,549.8292236328125,258.77069091796875,-18.263548622050394,-17.16913850399399
7,3,550.393798828125,258.97015380859375,-18.919788556443677,-17.597463699004663
7,3,547.3065185546875,254.6746063232422,2.8242760898168626,9.385486718016239
7,3,545.443115234375,255.0839080810547,4.713372525858404,9.05072273983808
7,3,547.9620361328125,251.63238525390625,2.219936135951457,12.576178160486336
7,3,547.2576904296875,252.57150268554688,2.8703537577142697,11.61774042679508
7,3,546.3143310546875,255.01658630371094,3.7461564745826763,9.137333512990153
7,3,546.2484130859375,254.64271545410156,3.7518397369171907,9.523141131950467
7,3,546.0987548828125,256.2301330566406,3.8268664343258934,7.988319650877429
7,3,544.5728759765625,251.321044921875,5.2967712664498094,12.93685519024018
7,3,547.8046875,248.75537109375,5.8395924299514945,13.572448011740619
7,3,547.237060546875,251.07498168945312,6.569798726438876,11.246349870188624
7,3,546.1217041015625,251.01419067382812,7.847731931002727,11.300653443080819
7,3,547.0318603515625,252.8261260986328,7.100155024365222,9.482230472427261
7,3,547.376220703125,254.20555114746094,6.918371432054073,8.096317980866274
7,3,547.315185546875,250.98374938964844,7.31621806160922,11.243190900320371
7,3,548.1900634765625,251.6630096435547,6.8634961643808765,10.45598500392299
7,3,548.1055908203125,251.08767700195312,7.6450796423176826,10.853065838731425
7,3,548.597900390625,251.55088806152344,7.571214813405049,10.282858116826787
7,3,550.0892333984375,251.2556915283203,6.116369516615805,10.568724712503013
7,3,549.356201171875,251.11154174804688,6.849401743178305,10.71287449277645
6,4,515.6824951171875,322.81365966796875,35.288126026636405,-73.81299711502308
6,4,513.10791015625,322.51251220703125,37.862710987573905,-73.51184965408558
6,4,514.5620727539062,321.32293701171875,36.408548389917655,-72.32227445877308
6,4,514.7515869140625,320.95245361328125,36.219034229761405,-71.95179106033558
6,4,515.487060546875,320.740478515625,35.483560596948905,-71.73981596267933
6,4,516.51806640625,317.40216064453125,34.452554737573905,-68.40149809158558
7,1,579.439208984375,128.79251098632812,2.104772520922893,-7.9351798062297405
7,1,577.0107421875,126.9013671875,4.808407552713334,-5.9724419717481965
7,1,577.99267578125,129.39300537109375,4.101624700388015,-8.392490671193514
7,1,575.3646240234375,130.81771850585938,6.736442065718393,-9.815443511403345
7,1,574.4254150390625,130.1466827392578,7.675651050093393,-9.144407744801782
7,1,577.65234375,129.8707275390625,4.644605021656389,-8.996199068316841
7,1,575.2890625,130.2512969970703,7.26726301434519,-9.545923230491695
7,1,574.4876708984375,123.03926086425781,8.177069985939852,-2.4054333625128095
7,1,577.44287109375,128.31619262695312,5.197328250224359,-7.66795540533758
7,1,578.0640869140625,127.23060607910156,4.553070259711035,-6.542982486164576
7,1,578.8321533203125,127.69184875488281,3.764710154913473,-6.911395891801121
7,1,577.0426025390625,130.0729522705078,5.516907211027274,-9.184287989251501
7,1,581.1239013671875,126.94309997558594,1.2415148477385856,-5.803834825326234
7,1,577.13037109375,127.63843536376953,5.040954671024338,-6.248573327672119
7,1,576.25634765625,127.18336486816406,5.650673855053583,-5.97642280986264
7,1,577.299072265625,127.68933868408203,4.33378560932772,-6.726194032523708
7,1,576.248046875,131.06178283691406,5.389612320170272,-10.158841234962097
7,1,577.683837890625,127.79263305664062,4.106527146277699,-6.8530707393179
7,1,576.3740234375,127.39353942871094,5.506507871876579,-6.450731115389544
7,1,577.5115966796875,127.08817291259766,4.381699266142164,-6.183880985167988
7,1,577.5157470703125,129.26211547851562,4.381125591030241,-8.399148817191076
7,1,576.2724609375,128.8675537109375,5.595515439121186,-8.055842838388358
7,1,577.1407470703125,130.18858337402344,4.698312353498181,-9.428164950990308
7,1,577.091064453125,128.21371459960938,4.770617066873456,-7.113681830855398
7,1,576.7708740234375,127.74755859375,5.113456443444079,-6.307587501505111
7,1,575.081787109375,122.58528900146484,6.630497496179601,-1.337591804582189
7,1,575.711181640625,120.03068542480469,5.771761676973938,0.8703735957762433
7,1,574.1295166015625,120.45858764648438,7.2473992017238515,0.28847144715170714
7,1,575.8956298828125,121.72012329101562,5.468801868421792,-0.9808841430288453
7,1,572.998779296875,119.75054168701172,8.38274085810167,1.0592515793946546
7,1,572.404052734375,120.80916595458984,9.05110078613859,0.22100256404949903
7,1,571.659423828125,121.65978240966797,9.837439622317788,-0.429800834850127
7,1,572.737548828125,120.56050872802734,8.571284673374748,0.7212884252326717
7,1,575.1412353515625,120.36293029785156,5.979571189629041,0.9706816102699634
7,1,573.221435546875,121.56013488769531,7.839849519336667,-0.40159861155338206
7,1,574.438232421875,120.81566619873047,6.577693041554312,0.1425902248269324
7,1,574.658935546875,121.60205078125,6.3707627948766685,-0.5972076197334104
7,1,574.298828125,125.5080795288086,6.774504412399438,-4.3325187385032535
7,1,573.3392333984375,124.00270080566406,7.818959592623855,-2.7506153762597023
7,1,575.322509765625,120.01712036132812,5.975538834868985,1.1851968553182672
7,1,575.085205078125,121.99612426757812,6.330367891350079,-0.8347667559079781
7,1,573.585205078125,123.86922454833984,7.861524633751856,-2.71476841040446
7,4,538.0467529296875,341.5914306640625,-6.612299326269067,-42.4139391810956
7,4,539.293701171875,341.3076171875,-7.859247568456567,-42.1301257045331
7,4,539.6275634765625,340.207275390625,-8.193109873144067,-41.0297839076581
7,4,538.0650634765625,340.09814453125,-6.630609873144067,-40.9206530482831
7,4,540.939208984375,342.16705322265625,-9.504755380956567,-42.98956173968935
7,4,539.5753173828125,341.07391357421875,-8.140863779394067,-41.89642209125185
7,4,539.4927978515625,339.28240966796875,-8.058344248144067,-40.10491818500185
7,4,538.5888671875,342.34228515625,-7.154413584081567,-43.1647936732831
7,4,539.952880859375,340.6470947265625,-8.518427255956567,-41.4696032435956
7,4,539.9700927734375,339.82171630859375,-8.535639170019067,-40.64422482562685
7,4,538.6219482421875,342.0941162109375,-7.187494638769067,-42.9166247279706
7,4,540.0933837890625,342.88006591796875,-8.658930185644067,-43.70257443500185
7,4,540.429931640625,343.49755859375,-8.995478037206567,-44.3200671107831
7,4,539.5748291015625,345.41290283203125,-8.140375498144067,-46.23541134906435
7,4,539.6917724609375,344.8193359375,-8.257318857519067,-45.6418444545331
7,4,539.5177001953125,346.00225830078125,-8.083246591894067,-46.82476681781435
7,4,540.61328125,341.8648681640625,-9.178827646581567,-42.6873766810956
7,4,542.3797607421875,341.88775634765625,-10.945307138769067,-42.71026486468935
7,4,541.2327880859375,341.2314453125,-9.798334482519067,-42.0539538295331
7,4,541.0535888671875,342.04547119140625,-9.619135263769067,-42.86797970843935
7,4,540.7493896484375,341.18841552734375,-9.314936045019067,-42.01092404437685
7,2,552.626220703125,206.12234497070312,-18.451145759357814,6.509191614446962
7,2,551.556640625,205.6127471923828,-17.38669496857449,6.921270111346416
7,2,550.044677734375,205.07040405273438,-15.879865034017712,7.366024218836287
7,2,551.5631103515625,203.9162139892578,-17.566499224853715,8.064071827807169
7,2,552.871826171875,205.8260040283203,-19.06200697676593,5.657187165382368
7,2,550.646484375,203.22116088867188,-16.800602428724574,7.822592677840049
7,2,550.3492431640625,203.8387451171875,-16.359390681904188,6.789847261306761
7,2,551.2691650390625,208.39768981933594,-17.125028596101743,2.0943088110601593
7,2,552.7984619140625,203.62847900390625,-18.486749338530444,7.046366710805728
7,2,554.0604248046875,202.58270263671875,-19.638166104074116,8.191467416469237
7,2,552.54345703125,203.61207580566406,-18.18987253027865,6.998946318435145
7,2,552.3900146484375,204.84930419921875,-18.105103255568793,5.598572588940044
7,2,554.1732177734375,203.4896240234375,-19.956980580210825,6.7951048356325146
7,2,552.99951171875,202.5200958251953,-18.851943267468414,7.601498070527697
7,2,552.871826171875,204.79437255859375,-18.646424917942568,4.763674337923476
7,2,551.6580810546875,202.8742218017578,-17.316913866257664,6.013786708232772
7,2,553.0833740234375,201.15597534179688,-18.55977159365557,7.4166202006798585
7,2,553.4962158203125,203.30067443847656,-18.742695435328983,5.204308958779336
7,2,553.429931640625,204.8251190185547,-18.446321414203794,3.6122016867662126
7,2,552.023681640625,204.29380798339844,-16.80998522992013,4.075851105449459
7,2,554.4996337890625,202.49273681640625,-19.0833070815944,5.781387338085665
7,2,553.813720703125,202.349853515625,-18.359497130947148,5.661531231797312
7,2,553.75439453125,205.44659423828125,-18.26227349200269,2.3020469259038805
7,2,554.56689453125,200.1200408935547,-18.907317441083933,7.445470322492781
7,2,554.0140380859375,201.2729949951172,-18.171041132277196,6.111325111784112
7,2,554.2567138671875,201.98858642578125,-18.231906655275793,5.216132618731422
7,2,554.3853759765625,202.1443634033203,-18.178761396175446,4.880757433465789
7,2,554.416259765625,202.4732666015625,-17.99741680008458,4.401815453648794
7,2,554.6612548828125,202.50811767578125,-17.99596037787694,4.250191510682015
7,2,554.79833984375,205.2532196044922,-17.986696633477095,1.3498174794277134
7,2,555.038330078125,201.41390991210938,-18.382157227209518,4.917789911095014
7,2,554.25634765625,200.51702880859375,-17.752079099330786,5.543995633833134
7,2,554.5283203125,203.12147521972656,-18.05019597144792,2.6923513806511608
7,2,555.73193359375,198.94949340820312,-19.280165813702183,6.615127592082217
7,2,555.7801513671875,201.52264404296875,-19.35452738745846,3.7947830443438306
7,2,555.7459716796875,200.98178100585938,-19.346491915825595,4.088448239404045
7,2,554.7979736328125,199.6306915283203,-18.260146008445986,5.281863751226041
7,2,556.0694580078125,200.14794921875,-19.280607369986683,4.668258608682663
7,2,556.9066162109375,200.31590270996094,-19.961427668598276,4.387922529634551
7,2,555.12744140625,199.37493896484375,-18.185759650375758,5.189439562588632
7,2,555.97314453125,198.6266632080078,-19.034969617580145,5.798266390795931
7,2,554.5782470703125,197.85372924804688,-17.64357894310774,6.4317536385937615
7,2,554.6546630859375,199.49276733398438,-17.723530339492527,4.652131793677825
7,2,555.46923828125,200.82391357421875,-18.611549839967324,3.2742824185637858
7,2,554.123779296875,199.64361572265625,-17.344222784526323,4.414091064795116
7,2,554.59521484375,200.14996337890625,-17.805004407773254,3.732394563702826
7,2,554.7979736328125,196.2701416015625,-17.961847073759714,7.383303091543809
7,2,554.1884765625,200.06076049804688,-17.37075986870923,3.394796872748742
7,2,553.8819580078125,198.80255126953125,-17.148298051429947,4.4872414798293505
7,2,554.271240234375,195.81471252441406,-17.598757666757024,7.354434967925755
7,2,554.346435546875,196.3480987548828,-17.673952979257024,6.821048737457005
7,2,553.8831787109375,198.50003051757812,-17.210696143319524,4.6691169747616925
7,2,550.777099609375,199.0762939453125,-14.104617041757024,4.0928535470273175
7,2,537.525634765625,186.09481811523438,-20.289992880330033,7.733153798260048
7,2,538.0369873046875,186.34640502929688,-20.898285996510594,7.644754530006566
7,2,538.9429931640625,185.4600067138672,-21.9010923187642,8.694104626001177
7,2,538.494384765625,185.87185668945312,-21.549353670466644,8.445323067639322
7,2,537.501953125,187.42987060546875,-20.653793319698366,7.050380160773557
7,2,537.7335205078125,188.547607421875,-20.853233930491797,5.6895269063743115
7,2,538.36083984375,186.37171936035156,-21.422905324357316,7.5433105073127535
7,2,539.517822265625,185.93482971191406,-22.629042601925562,8.057133247313743
7,2,538.354736328125,186.48330688476562,-21.581000584945627,7.831761726674955
7,2,536.68798828125,186.43417358398438,-20.02710848324989,7.948981909171181
7,2,536.4307861328125,184.5607147216797,-19.8794424295819,9.503059524753155
7,2,536.259033203125,186.61825561523438,-19.81722559466391,7.126137384475754
7,2,535.978759765625,189.49642944335938,-19.646486510916134,3.9285873860207516
7,2,537.62109375,187.11666870117188,-21.398356590060644,5.988966881485538
7,2,538.3662109375,187.35671997070312,-22.26534778640314,5.8899380440757625
7,2,536.1611328125,187.5132598876953,-20.181514817631523,5.894635789191909
7,2,537.443603515625,185.9945068359375,-21.58741519797445,7.4255831578133495
7,2,537.27490234375,186.90647888183594,-21.54287733254114,6.473780703406931
7,2,537.4217529296875,185.05001831054688,-21.813889251411524,8.290411499270874
7,2,537.14599609375,186.47430419921875,-21.66229572191571,6.826295202091018
7,2,537.531005859375,186.99603271484375,-22.13458008000987,6.275190229324636
7,2,538.327392578125,187.12826538085938,-22.940117255748078,6.135720599137471
7,2,537.371337890625,189.1560821533203,-22.008398902735053,4.118400443482614
7,2,537.822265625,189.9602813720703,-22.62279787792295,3.4870252391508245
7,2,536.9188232421875,185.75030517578125,-21.88148404045171,7.8684059339823875
7,2,537.535400390625,187.18800354003906,-22.486585736886013,6.373457985267379
7,2,536.4217529296875,187.79473876953125,-21.339112484706106,5.68004230935702
7,2,534.9803466796875,186.5012969970703,-19.863877755036356,6.886796746157472
7,2,536.4364013671875,187.1806640625,-21.28610181212491,6.120736833673504
7,2,536.8258056640625,185.9047088623047,-21.659342081385716,6.99918860035541
7,2,537.4818115234375,188.69863891601562,-22.321394602692408,3.416779661443087
7,2,536.228759765625,187.93101501464844,-21.05174044373655,3.55643637325565
7,2,536.7261962890625,187.20591735839844,-21.452434441822902,4.214415131204106
7,2,536.73388671875,186.44125366210938,-21.364240389888096,4.912555230477835
7,2,536.71630859375,188.62977600097656,-21.250776259209488,2.657508237221805
7,2,536.4320068359375,189.20529174804688,-20.87059001977468,2.015468893136159
7,2,536.360595703125,189.533203125,-20.980808823984148,1.6382353036450183
7,2,537.919677734375,186.79283142089844,-22.79609736069733,4.333907589378697
7,2,536.545654296875,186.4795379638672,-21.422859008275964,4.282267566839835
7,2,536.5452880859375,187.04432678222656,-21.22795227026438,3.107645935258091
7,2,537.7222900390625,187.076171875,-22.322552234481577,2.749762760976637
7,2,536.6063232421875,186.3840789794922,-21.33795115352791,3.6558487765077246
7,2,536.0263671875,186.8056640625,-20.889776505380155,3.3437151515304038
7,2,536.6102294921875,187.1192626953125,-21.615154302931387,2.462687633628093
7,2,536.768310546875,185.25851440429688,-21.914748601170118,3.756016058530065
7,2,535.8477783203125,184.836181640625,-21.13583533584415,3.610505064208809
7,2,537.0689697265625,185.3437042236328,-22.49853998564538,2.5355626150873434
