timestamp,diameter_left,diameter_right,gaze_x,gaze_y
1779361296.415085,4.608062267303467,3.854750633239746,771.2239990234375,525.9842529296875
1779361296.420085,4.85426664352417,4.321436405181885,785.9069213867188,534.5499267578125
1779361296.425085,4.446375846862793,3.884148359298706,783.6351318359375,519.8878173828125
1779361296.430085,4.5933637619018555,4.126677989959717,783.9880981445312,521.8921508789062
1779361296.435085,4.832218647003174,4.056858539581299,781.7054443359375,522.01708984375
1779361296.440096,4.769748687744141,4.35818338394165,791.7640991210938,534.320068359375
1779361296.445085,4.806495666503906,4.167099475860596,804.0855712890625,521.4427490234375
1779361296.450085,4.9314351081848145,4.622761249542236,796.2883911132812,523.3457641601562
1779361296.455085,4.762399196624756,4.464749336242676,783.7425537109375,527.7401123046875
1779361296.460085,4.718303203582764,4.35818338394165,777.7715454101562,534.022216796875
1779361296.465085,4.894688129425049,4.292038917541504,780.4530029296875,529.9534912109375
1779361296.470085,4.85426664352417,4.571315288543701,779.9781494140625,529.311279296875
1779361296.475085,4.710953712463379,4.3802313804626465,780.1754150390625,530.7347412109375
1779361296.480085,4.674206733703613,4.269990921020508,779.7320556640625,530.5521240234375
1779361296.485085,4.721977710723877,4.475773334503174,769.8009643554688,530.21923828125
1779361296.490085,4.8910136222839355,4.2369184494018555,761.2992553710938,521.7293701171875
1779361296.495085,4.644809246063232,4.269990921020508,754.7120361328125,523.2637939453125
1779361296.500085,4.960832595825195,4.203846454620361,772.7057495117188,524.4171142578125
1779361296.505085,4.835893154144287,4.416978359222412,778.1825561523438,515.6279907226562
1779361296.510085,5.004929065704346,4.681556224822998,761.9064331054688,532.6365966796875
1779361296.515085,4.883664131164551,4.744025707244873,762.4188842773438,532.7796020507812
1779361296.520085,4.806495666503906,4.821194648742676,772.37255859375,527.973876953125
1779361296.525085,4.865290641784668,4.343484401702881,745.5635986328125,524.015380859375
1779361296.530096,4.887339115142822,4.3140869140625,768.1678466796875,526.60595703125
1779361296.535085,4.8799896240234375,4.633785247802734,770.2184448242188,524.7725830078125
1779361296.540085,4.916736602783203,4.06053352355957,763.643798828125,523.4749755859375
1779361296.545207,4.96818208694458,4.24426794052124,736.6909790039062,526.2984619140625
1779361296.550218,5.137217998504639,4.688905715942383,758.376708984375,536.4886474609375
1779361296.555207,4.872640132904053,4.468424320220947,790.4072875976562,514.5556640625
1779361296.560207,4.920411109924316,4.310412406921387,789.0283203125,519.6199340820312
1779361296.565207,4.611737251281738,4.490472316741943,752.3834838867188,529.6165771484375
1779361296.570207,4.681556224822998,4.3140869140625,757.8041381835938,524.982177734375
1779361296.575207,4.821194648742676,4.608062267303467,776.1683959960938,491.13970947265625
1779361296.580207,4.780772686004639,4.06053352355957,769.5839233398438,507.6163330078125
1779361296.585207,4.685230731964111,4.1450514793396,764.4219360351562,513.8524169921875
1779361296.590207,4.571315288543701,4.240593433380127,763.3569946289062,514.48583984375
1779361296.595207,5.137217998504639,4.552941799163818,766.8151245117188,516.875732421875
1779361296.600207,4.916736602783203,4.468424320220947,791.6998291015625,528.0081176757812
1779361296.605207,4.865290641784668,4.299388408660889,786.2089233398438,526.2451171875
1779361296.610207,4.630110740661621,4.288364410400391,776.7908935546875,526.3390502929688
1779361296.615218,4.751375198364258,4.24426794052124,770.2952270507812,514.4109497070312
1779361296.620207,4.766074180603027,4.365532875061035,748.2267456054688,519.8629150390625
1779361296.625218,4.957158088684082,4.1744489669799805,745.1539306640625,529.4404907226562
1779361296.630207,4.824869155883789,4.299388408660889,760.2383422851562,521.053955078125
1779361296.635207,4.883664131164551,4.563966274261475,766.37255859375,523.46240234375
1779361296.640207,4.850592136383057,4.178123474121094,767.5747680664062,524.150146484375
1779361296.645207,4.788122177124023,4.277340412139893,737.5277099609375,532.7880859375
1779361296.650207,4.883664131164551,4.534568786621094,785.1432495117188,535.8387451171875
1779361296.655218,4.802821159362793,4.402279853820801,764.9434814453125,538.59521484375
1779361296.660207,4.843242645263672,4.446375846862793,771.71484375,510.7836608886719
1779361296.665207,4.865290641784668,4.255291938781738,771.59521484375,513.5012817382812
1779361296.670207,4.835893154144287,4.218544960021973,786.6709594726562,529.0023193359375
1779361296.675218,4.843242645263672,4.3287858963012695,783.888671875,529.3045654296875
1779361296.68034,5.015953063964844,4.497821807861328,700.76953125,542.2099609375
1779361296.68534,4.872640132904053,4.44270133972168,721.576416015625,538.3056640625
1779361296.69034,4.755050182342529,4.435351848602295,778.639404296875,526.80126953125
1779361296.69534,4.802821159362793,4.214870452880859,772.1179809570312,529.4396362304688
1779361296.70034,4.758724689483643,4.233243942260742,770.581298828125,530.8492431640625
1779361296.70534,4.828543663024902,4.376556873321533,773.1473999023438,521.869384765625
1779361296.71034,4.887339115142822,3.998063802719116,734.7310791015625,537.9412841796875
1779361296.715352,4.74035120010376,4.527219295501709,750.0257568359375,528.8944091796875
1779361296.72034,4.659508228302002,4.266315937042236,761.0105590820312,526.3641357421875
1779361296.72534,4.913061618804932,4.409628868103027,760.1004638671875,531.4493408203125
1779361296.73034,4.997579574584961,4.292038917541504,753.6602172851562,525.56982421875
1779361296.73534,4.710953712463379,4.3140869140625,758.7349243164062,529.7586059570312
1779361296.74034,4.7991461753845215,4.479448318481445,761.5252685546875,529.711669921875
1779361296.74534,5.001254081726074,4.387580871582031,765.3724365234375,526.366455078125
1779361296.75034,4.413303852081299,4.152400493621826,754.0277709960938,527.787109375
1779361296.75534,4.74035120010376,4.336135387420654,763.5361328125,528.7814331054688
1779361296.760351,4.975531578063965,4.644809246063232,743.5647583007812,542.104736328125
1779361296.76534,4.733001708984375,4.453725337982178,782.0402221679688,523.5289306640625
1779361296.77034,4.773423671722412,4.479448318481445,778.3430786132812,514.245361328125
1779361296.77534,4.710953712463379,4.269990921020508,775.3485717773438,521.726806640625
1779361296.78034,4.7991461753845215,4.394930362701416,768.3668212890625,515.9073486328125
1779361296.78534,4.92408561706543,4.255291938781738,763.2496948242188,522.7890625
1779361296.79034,4.887339115142822,4.240593433380127,766.3677978515625,524.5962524414062
1779361296.80034,4.9314351081848145,4.4610748291015625,767.1926879882812,528.5908813476562
1779361296.80534,4.920411109924316,4.277340412139893,764.920654296875,530.193603515625
1779361296.81034,4.688905715942383,4.306737899780273,797.9246826171875,506.45361328125
1779361296.815463,4.707279205322266,4.5125203132629395,789.8707885742188,511.13848876953125
1779361296.820462,4.876314640045166,4.468424320220947,783.8240966796875,518.470458984375
1779361296.825463,5.093121528625488,4.534568786621094,812.5350952148438,539.875732421875
1779361296.830463,4.927760601043701,4.284689426422119,746.1806640625,529.588623046875
1779361296.835463,4.681556224822998,4.608062267303467,733.4742431640625,533.0242919921875
1779361296.840463,4.8689656257629395,4.336135387420654,750.0183715820312,534.4155883789062
1779361296.845463,4.887339115142822,4.519869804382324,802.7326049804688,535.3968505859375
1779361296.850463,4.857941150665283,4.387580871582031,785.7511596679688,536.443603515625
1779361296.855463,4.718303203582764,4.44270133972168,786.3067016601562,533.217041015625
1779361296.860463,4.659508228302002,4.233243942260742,778.332763671875,534.602294921875
1779361296.865463,4.861616134643555,4.501496315002441,786.9935913085938,523.5140991210938
1779361296.870463,4.850592136383057,4.181798458099365,773.8103637695312,530.7826538085938
1779361296.875463,4.7366766929626465,4.519869804382324,775.5128784179688,536.519287109375
1779361296.880463,4.659508228302002,4.563966274261475,757.7315673828125,542.683837890625
1779361296.885463,4.769748687744141,4.3802313804626465,718.5331420898438,535.5604248046875
1779361296.890463,4.861616134643555,4.1744489669799805,708.2113037109375,558.0980224609375
1779361296.895463,4.571315288543701,4.203846454620361,715.1096801757812,552.72265625
1779361296.900463,4.843242645263672,4.729327201843262,711.6893310546875,543.7813720703125
1779361296.905463,4.883664131164551,4.277340412139893,719.815185546875,536.8780517578125
1779361296.910463,4.707279205322266,4.225894451141357,729.029052734375,537.73388671875
1779361296.915462,4.817519664764404,4.303062915802002,733.8555297851562,538.67041015625
1779361296.920463,4.5125203132629395,4.534568786621094,762.9420776367188,531.748046875
1779361296.925462,4.578664779663086,4.630110740661621,762.1939697265625,533.8343505859375
1779361296.930463,4.850592136383057,4.277340412139893,764.3758544921875,537.8834228515625
1779361296.935462,4.795471668243408,4.586014270782471,757.1397094726562,532.8093872070312
1779361296.940463,4.938784599304199,4.681556224822998,762.589111328125,529.7726440429688
1779361296.945462,4.688905715942383,4.25896692276001,742.2872314453125,542.9083251953125
1779361296.950585,4.681556224822998,4.387580871582031,743.7481689453125,533.1236572265625
1779361296.960596,4.54191780090332,3.976015567779541,742.9719848632812,533.350830078125
1779361296.965585,4.872640132904053,4.303062915802002,720.8804931640625,536.280517578125
1779361296.970585,4.608062267303467,4.266315937042236,744.1358642578125,530.5718994140625
1779361296.975585,4.688905715942383,4.1744489669799805,755.1947021484375,535.771728515625
1779361296.980585,4.619086265563965,4.303062915802002,686.3817749023438,543.2271728515625
1779361296.985585,4.574990272521973,4.086256504058838,709.5636596679688,544.016357421875
1779361296.990585,4.641134738922119,4.3140869140625,747.8546752929688,543.3243408203125
1779361296.995585,4.578664779663086,4.769748687744141,740.49560546875,540.640380859375
1779361297.000585,4.497821807861328,4.336135387420654,738.0855102539062,539.2021484375
1779361297.005585,4.600712776184082,4.435351848602295,737.90380859375,544.1883544921875
1779361297.010585,4.681556224822998,4.078907012939453,735.3602905273438,544.68701171875
1779361297.020585,4.619086265563965,4.534568786621094,741.1537475585938,534.7930908203125
1779361297.025585,4.710953712463379,4.229569435119629,750.3662109375,535.5224609375
1779361297.030585,4.718303203582764,4.225894451141357,716.6796875,530.0609130859375
1779361297.035585,4.710953712463379,4.332460403442383,719.0661010742188,533.856201171875
1779361297.040585,4.292038917541504,4.005413055419922,734.93798828125,515.2279052734375
1779361297.045585,4.766074180603027,4.0936055183410645,737.1712036132812,522.34033203125
1779361297.050585,4.586014270782471,4.203846454620361,674.9229125976562,537.6634521484375
1779361297.055585,4.755050182342529,4.468424320220947,732.5576782226562,524.9396362304688
1779361297.060585,4.659508228302002,4.3140869140625,698.9060668945312,552.6058349609375
1779361297.065585,4.7991461753845215,4.405954360961914,769.1409912109375,539.2408447265625
1779361297.070585,4.369207382202148,4.343484401702881,748.835205078125,545.6361083984375
1779361297.075585,4.416978359222412,4.453725337982178,746.7445068359375,535.551513671875
1779361297.080585,4.6705322265625,4.402279853820801,713.73828125,538.311279296875
1779361297.085707,4.98288106918335,4.582339763641357,745.884765625,536.7193603515625
1779361297.090707,4.8799896240234375,4.056858539581299,712.0216064453125,543.61669921875
1779361297.095707,4.721977710723877,4.25896692276001,771.9443969726562,534.4493408203125
1779361297.100707,4.817519664764404,4.284689426422119,754.41650390625,538.024658203125
1779361297.105707,4.55661678314209,4.0936055183410645,749.51025390625,538.0382080078125
1779361297.110718,4.902037620544434,4.100955009460449,759.694580078125,539.7169189453125
1779361297.115707,4.508845806121826,4.266315937042236,695.5000610351562,537.3734130859375
1779361297.120707,4.5933637619018555,4.292038917541504,774.5940551757812,543.048828125
1779361297.125718,4.688905715942383,4.163424968719482,763.4458618164062,537.7261962890625
1779361297.130707,5.004929065704346,4.269990921020508,766.8412475585938,535.767578125
1779361297.135707,4.685230731964111,4.3177618980407715,776.9320678710938,552.747802734375
1779361297.145707,5.026977062225342,4.354508876800537,769.49267578125,534.3338623046875
1779361297.150707,4.7366766929626465,4.299388408660889,733.6676025390625,545.087890625
1779361297.160707,4.688905715942383,4.005413055419922,749.3427124023438,536.277099609375
1779361297.165707,4.519869804382324,4.233243942260742,769.220458984375,528.58203125
1779361297.170707,4.766074180603027,4.332460403442383,778.8699340820312,531.587646484375
1779361297.175718,4.563966274261475,4.303062915802002,774.7464599609375,529.911376953125
1779361297.180707,4.8689656257629395,4.156075477600098,774.3843383789062,531.8773193359375
1779361297.190707,4.644809246063232,4.266315937042236,732.9075927734375,536.5286865234375
1779361297.195718,4.824869155883789,4.424327850341797,737.65234375,533.1778564453125
1779361297.200707,4.552941799163818,4.240593433380127,750.6366577148438,535.32421875
1779361297.205707,4.821194648742676,4.310412406921387,709.9312744140625,532.7692260742188
1779361297.210707,4.8689656257629395,4.365532875061035,680.0479125976562,525.6424560546875
1779361297.22084,4.806495666503906,4.376556873321533,765.1914672851562,523.27099609375
1779361297.22584,4.78444766998291,4.148725986480713,757.0675659179688,521.3471069335938
1779361297.23584,4.622761249542236,4.3802313804626465,744.6192626953125,532.7222290039062
1779361297.24084,4.527219295501709,4.48679780960083,718.0899047851562,532.8198852539062
1779361297.24584,4.9314351081848145,4.01643705368042,723.8950805664062,525.5552978515625
1779361297.25084,4.501496315002441,3.9723408222198486,702.4396362304688,543.20166015625
1779361297.25584,4.439026832580566,4.446375846862793,719.6072387695312,532.7213134765625
1779361297.26084,4.993905067443848,4.519869804382324,769.3699340820312,539.5323486328125
1779361297.27584,4.872640132904053,4.292038917541504,740.5482788085938,529.9633178710938
1779361297.28084,4.571315288543701,4.071557521820068,751.3739013671875,533.16015625
1779361297.28584,4.894688129425049,4.233243942260742,763.8033447265625,528.8280029296875
1779361297.29084,4.817519664764404,4.688905715942383,722.1471557617188,536.2919921875
1779361297.29584,4.780772686004639,4.255291938781738,775.5218505859375,533.38916015625
1779361297.30084,4.552941799163818,4.148725986480713,796.9091186523438,527.68359375
1779361297.30584,4.835893154144287,4.527219295501709,792.0325317382812,529.265625
1779361297.31084,4.5125203132629395,4.354508876800537,772.2804565429688,528.0242309570312
1779361297.31584,4.710953712463379,4.25896692276001,765.9684448242188,536.521728515625
1779361297.32084,4.85426664352417,4.1450514793396,766.4784545898438,535.75830078125
1779361297.32584,4.835893154144287,4.365532875061035,776.6869506835938,537.872802734375
1779361297.33584,4.780772686004639,4.3287858963012695,785.2579345703125,531.6658935546875
1779361297.34084,4.755050182342529,4.505170822143555,783.62939453125,535.9241943359375
1779361297.34584,4.688905715942383,4.222219944000244,792.19970703125,530.4698486328125
1779361297.35084,4.600712776184082,4.3140869140625,800.9923706054688,530.3671875
1779361297.360963,4.828543663024902,4.659508228302002,782.4374389648438,530.831787109375
1779361297.365963,4.688905715942383,4.071557521820068,772.9337158203125,535.2191162109375
1779361297.370963,4.795471668243408,4.7366766929626465,772.015869140625,532.786376953125
1779361297.375962,4.751375198364258,4.4720988273620605,772.182861328125,531.6673583984375
1779361297.380963,4.608062267303467,4.012762546539307,815.0223388671875,533.33447265625
1779361297.385962,4.832218647003174,4.501496315002441,768.3072509765625,529.5928344726562
1779361297.390963,4.843242645263672,4.48679780960083,789.7565307617188,527.5665893554688
1779361297.395962,4.534568786621094,4.55661678314209,789.3182983398438,526.441162109375
1779361297.400963,4.630110740661621,4.159749984741211,773.4412841796875,520.5524291992188
1779361297.405962,4.85426664352417,4.490472316741943,775.493408203125,521.6490478515625
1779361297.415963,4.795471668243408,4.347159385681152,734.4231567382812,532.5043334960938
1779361297.420974,4.733001708984375,4.303062915802002,781.1771850585938,528.3356323242188
1779361297.425963,4.938784599304199,4.611737251281738,782.8204956054688,530.370849609375
1779361297.430963,4.707279205322266,4.2369184494018555,783.9154052734375,535.7452392578125
1779361297.435963,4.5933637619018555,4.009087562561035,782.4683837890625,535.47119140625
1779361297.440963,4.755050182342529,4.490472316741943,779.4078369140625,537.9365234375
1779361297.445963,4.549267292022705,4.067883014678955,780.06005859375,530.373779296875
1779361297.450963,4.652158737182617,4.181798458099365,813.6121215820312,523.945556640625
1779361297.455963,4.611737251281738,4.479448318481445,759.862548828125,541.400146484375
1779361297.460963,4.6558332443237305,4.269990921020508,762.9446411132812,538.8541259765625
1779361297.465974,4.762399196624756,4.446375846862793,789.4334106445312,538.77001953125
1779361297.470963,4.648483753204346,4.44270133972168,792.3399047851562,536.243408203125
1779361297.475963,4.409628868103027,4.255291938781738,806.1477661132812,539.5283203125
1779361297.480963,4.758724689483643,4.255291938781738,791.3096313476562,542.3609619140625
1779361297.485963,4.762399196624756,4.137701988220215,793.916015625,542.4766845703125
1779361297.491085,4.821194648742676,4.519869804382324,797.009765625,541.96630859375
1779361297.496085,4.74035120010376,4.225894451141357,799.5194091796875,538.205322265625
1779361297.501085,4.5125203132629395,4.424327850341797,782.135986328125,537.4849853515625
1779361297.506085,4.861616134643555,4.483122825622559,792.4531860351562,532.8269653320312
1779361297.511085,4.957158088684082,4.402279853820801,791.1529541015625,532.1369018554688
1779361297.516085,4.608062267303467,4.156075477600098,796.58056640625,527.974853515625
1779361297.521085,4.6668572425842285,4.48679780960083,799.4654541015625,526.147216796875
1779361297.526096,4.6668572425842285,4.55661678314209,796.2372436523438,531.5557861328125
1779361297.531085,4.696254730224609,4.310412406921387,801.5182495117188,531.3668212890625
1779361297.536085,4.619086265563965,4.24426794052124,808.9396362304688,532.3568115234375
1779361297.541085,4.6668572425842285,4.350833892822266,795.7944946289062,528.665771484375
1779361297.546085,4.530893802642822,4.134027481079102,801.5440063476562,530.5581665039062
1779361297.551085,4.85426664352417,4.152400493621826,807.1765747070312,534.868896484375
1779361297.556085,4.600712776184082,4.508845806121826,805.2186889648438,534.6507568359375
1779361297.561085,4.688905715942383,4.398604869842529,807.0914306640625,535.43798828125
1779361297.566085,4.7991461753845215,4.178123474121094,819.2574462890625,519.6754760742188
1779361297.571085,4.795471668243408,4.530893802642822,804.126708984375,523.6724853515625
1779361297.576085,4.960832595825195,4.299388408660889,803.5534057617188,522.8798217773438
1779361297.581085,4.589688777923584,3.987039566040039,827.2069091796875,530.6041259765625
1779361297.586085,4.563966274261475,4.284689426422119,808.8410034179688,527.58984375
1779361297.591096,4.806495666503906,4.20017147064209,811.5646362304688,514.89501953125
1779361297.596096,4.571315288543701,4.321436405181885,816.8992919921875,519.268310546875
1779361297.601085,4.545592784881592,4.600712776184082,817.3663940429688,524.8027954101562
1779361297.606085,4.780772686004639,4.494146823883057,811.5664672851562,527.3372192382812
1779361297.611085,4.464749336242676,4.225894451141357,805.05859375,517.5358276367188
1779361297.616085,4.876314640045166,4.54191780090332,805.6423950195312,524.099609375
1779361297.621096,4.843242645263672,4.292038917541504,790.344970703125,530.7545776367188
1779361297.626207,4.8910136222839355,4.25896692276001,802.9771118164062,524.52294921875
1779361297.631207,4.721977710723877,4.233243942260742,798.33056640625,519.6232299804688
1779361297.636207,4.519869804382324,4.288364410400391,802.9966430664062,532.5018310546875
1779361297.641207,4.637459754943848,3.8290278911590576,803.0984497070312,528.191162109375
1779361297.646218,4.578664779663086,4.405954360961914,812.8754272460938,525.28125
1779361297.651218,4.813845157623291,4.409628868103027,800.139892578125,520.0256958007812
1779361297.656207,4.769748687744141,4.211195945739746,802.5140380859375,521.146728515625
1779361297.661207,4.545592784881592,4.056858539581299,802.0335083007812,521.9217529296875
1779361297.666207,4.806495666503906,4.100955009460449,789.0331420898438,527.5516357421875
1779361297.671207,4.6668572425842285,4.497821807861328,794.1039428710938,527.3671264648438
1779361297.676218,4.563966274261475,3.9172205924987793,792.592529296875,527.5123291015625
1779361297.681207,4.703604221343994,4.37288236618042,803.9454956054688,526.6947021484375
1779361297.686207,4.74035120010376,4.306737899780273,806.5261840820312,529.281494140625
1779361297.691207,4.571315288543701,4.218544960021973,807.6143188476562,531.7164306640625
1779361297.696207,4.762399196624756,4.170773983001709,819.7225341796875,518.5546875
1779361297.701207,4.519869804382324,4.1450514793396,808.4104614257812,530.7470092773438
1779361297.706207,4.608062267303467,4.343484401702881,797.21875,528.7296142578125
1779361297.711207,4.681556224822998,4.218544960021973,800.4535522460938,524.4036254882812
1779361297.721207,4.586014270782471,4.255291938781738,806.8116455078125,519.2431640625
1779361297.726207,4.336135387420654,4.163424968719482,808.9935302734375,521.21630859375
1779361297.731207,4.780772686004639,4.439026832580566,808.4264526367188,524.7537841796875
1779361297.736207,4.597038269042969,4.416978359222412,805.3380737304688,528.7174072265625
1779361297.741207,4.435351848602295,4.277340412139893,796.1769409179688,534.3135986328125
1779361297.746218,4.791797161102295,4.295713424682617,792.8047485351562,533.5257568359375
1779361297.751229,4.663182735443115,4.295713424682617,792.3531494140625,533.3745727539062
1779361297.761207,4.843242645263672,4.652158737182617,790.8286743164062,528.1046142578125
1779361297.76634,4.733001708984375,4.0421600341796875,801.03955078125,534.960205078125
1779361297.771352,4.6558332443237305,4.409628868103027,819.1527709960938,502.6772155761719
1779361297.77634,4.387580871582031,4.196496963500977,807.800048828125,525.9830322265625
1779361297.78134,4.7366766929626465,4.464749336242676,807.6102294921875,527.898193359375
1779361297.78634,4.718303203582764,3.976015567779541,812.0576782226562,524.5955810546875
1779361297.79134,4.615411758422852,4.350833892822266,820.8766479492188,539.08056640625
1779361297.79634,4.582339763641357,4.505170822143555,787.2655639648438,536.02392578125
1779361297.80134,4.497821807861328,4.211195945739746,794.037841796875,533.0403442382812
1779361297.80634,4.887339115142822,4.6558332443237305,792.022216796875,539.9085693359375
1779361297.81134,4.637459754943848,4.078907012939453,790.9508056640625,541.6759033203125
1779361297.81634,4.563966274261475,4.134027481079102,796.4415893554688,548.01611328125
1779361297.82134,4.644809246063232,4.1046295166015625,791.1216430664062,540.3746337890625
1779361297.82634,4.641134738922119,4.3177618980407715,766.3203125,546.1112060546875
1779361297.83134,5.177639484405518,4.332460403442383,779.8314208984375,533.9732666015625
1779361297.836351,4.979206085205078,4.571315288543701,753.111328125,530.5616455078125
1779361297.84134,4.699929714202881,4.321436405181885,746.728515625,530.5635986328125
1779361297.84634,4.685230731964111,3.964991569519043,749.7125244140625,531.291259765625
1779361297.85134,4.777098178863525,4.233243942260742,735.53076171875,530.8211669921875
1779361297.85634,4.9534831047058105,4.123003005981445,734.8601684570312,533.370361328125
1779361297.86134,4.865290641784668,4.152400493621826,735.1983032226562,530.25390625
1779361297.86634,4.516195297241211,4.13035249710083,690.1068725585938,539.2489013671875
1779361297.87134,4.703604221343994,4.141376495361328,664.5422973632812,545.259521484375
1779361297.87634,4.545592784881592,4.343484401702881,671.368408203125,543.073486328125
1779361297.88134,4.718303203582764,3.957642078399658,676.1132202148438,550.5899658203125
1779361297.88634,4.545592784881592,4.214870452880859,718.7401733398438,537.56591796875
1779361297.891351,4.659508228302002,4.082581520080566,716.1182861328125,539.649658203125
1779361297.89634,4.600712776184082,4.156075477600098,762.0673217773438,543.9403076171875
1779361297.90134,4.578664779663086,4.233243942260742,756.9535522460938,541.0802001953125
1779361297.906463,4.44270133972168,4.148725986480713,712.5632934570312,535.280517578125
1779361297.911351,4.703604221343994,4.281014919281006,677.341552734375,540.5357666015625
1779361297.916463,4.5933637619018555,3.957642078399658,697.1041259765625,539.5673828125
1779361297.921463,4.519869804382324,4.262641429901123,741.1119384765625,537.7923583984375
1779361297.926463,4.6558332443237305,4.056858539581299,760.083984375,545.372314453125
1779361297.931463,4.876314640045166,4.225894451141357,714.5166625976562,537.1673583984375
1779361297.936463,4.7991461753845215,3.94661808013916,740.6553955078125,535.3934326171875
1779361297.941463,4.725652694702148,4.152400493621826,730.9522705078125,538.5919189453125
1779361297.946463,4.563966274261475,4.2479424476623535,738.4742431640625,527.9398193359375
1779361297.951463,4.5125203132629395,4.111979007720947,673.4944458007812,540.775390625
1779361297.956463,4.828543663024902,4.468424320220947,680.0801391601562,546.4783935546875
1779361297.961462,4.762399196624756,4.2479424476623535,684.82373046875,544.509521484375
1779361297.966463,4.611737251281738,4.299388408660889,755.8192138671875,532.9072875976562
1779361297.971462,4.468424320220947,4.137701988220215,747.2885131835938,529.9761962890625
1779361297.976463,4.692580223083496,4.365532875061035,746.9973754882812,533.9581298828125
1779361297.981462,4.586014270782471,4.167099475860596,711.972900390625,539.348876953125
1779361297.986463,4.630110740661621,4.622761249542236,706.5918579101562,530.6002197265625
1779361297.991462,4.54191780090332,4.071557521820068,707.236083984375,530.3753051757812
1779361297.996474,4.508845806121826,4.516195297241211,750.9842529296875,523.20654296875
1779361298.001462,5.049025058746338,4.321436405181885,757.0322875976562,523.7974853515625
1779361298.006463,4.497821807861328,4.233243942260742,751.6813354492188,529.4698486328125
1779361298.011463,4.490472316741943,4.115653991699219,745.6832885742188,533.0135498046875
1779361298.016463,4.850592136383057,4.630110740661621,751.906005859375,516.658203125
1779361298.021463,4.608062267303467,4.409628868103027,693.3606567382812,545.5833740234375
1779361298.026463,4.964507579803467,4.034810543060303,764.9237060546875,526.4398803710938
1779361298.046585,4.755050182342529,4.211195945739746,738.0692749023438,536.5216064453125
1779361298.051585,4.55661678314209,4.5235443115234375,735.3438110351562,531.2304077148438
1779361298.056585,4.850592136383057,4.483122825622559,773.8606567382812,519.268310546875
1779361298.061585,4.703604221343994,4.299388408660889,768.09716796875,522.93310546875
1779361298.071585,4.762399196624756,4.416978359222412,766.9668579101562,523.3323974609375
1779361298.076585,4.7477006912231445,4.534568786621094,766.4501342773438,522.8863525390625
1779361298.081585,4.549267292022705,4.416978359222412,766.238037109375,522.5064086914062
1779361298.086585,4.832218647003174,4.170773983001709,763.4578857421875,527.0634765625
1779361298.101585,4.615411758422852,4.4610748291015625,782.0252075195312,535.3021240234375
1779361298.106585,4.648483753204346,4.611737251281738,773.803955078125,524.4685668945312
1779361298.111596,4.894688129425049,4.652158737182617,786.661865234375,504.5946350097656
1779361298.116596,4.718303203582764,4.288364410400391,776.2625122070312,515.5012817382812
1779361298.121585,4.960832595825195,4.292038917541504,763.2115478515625,522.0863037109375
1779361298.131585,4.824869155883789,4.108304500579834,769.8612060546875,521.105224609375
1779361298.136585,4.615411758422852,4.527219295501709,763.358642578125,519.1732788085938
1779361298.141596,4.729327201843262,4.4610748291015625,782.5728149414062,542.29052734375
1779361298.146585,4.883664131164551,4.55661678314209,782.8834228515625,537.833740234375
1779361298.151596,5.078423023223877,4.42800235748291,775.5127563476562,533.063232421875
1779361298.156585,4.644809246063232,4.527219295501709,780.1495971679688,529.1788330078125
1779361298.161585,4.832218647003174,4.608062267303467,792.2990112304688,529.240234375
1779361298.171707,4.549267292022705,4.1450514793396,797.297119140625,517.7750244140625
1779361298.176707,4.7991461753845215,3.9429433345794678,794.7277221679688,526.2977294921875
1779361298.181707,4.644809246063232,4.1744489669799805,792.0520629882812,532.287353515625
1779361298.186718,4.714628219604492,4.211195945739746,762.7855224609375,542.3651123046875
1779361298.191707,4.468424320220947,4.475773334503174,815.6817626953125,524.955078125
1779361298.196718,4.850592136383057,4.299388408660889,807.2420654296875,527.817626953125
1779361298.201718,4.696254730224609,4.589688777923584,801.3386840820312,524.94970703125
1779361298.206707,4.545592784881592,4.192822456359863,794.6581420898438,526.7015991210938
1779361298.211707,4.8101701736450195,4.424327850341797,791.8905639648438,524.7192993164062
1779361298.216707,4.916736602783203,4.034810543060303,791.1934204101562,527.888671875
1779361298.221707,5.177639484405518,4.644809246063232,802.2531127929688,518.8128662109375
1779361298.226707,4.920411109924316,4.181798458099365,799.7067260742188,517.3466796875
1779361298.231718,4.681556224822998,4.266315937042236,798.7422485351562,520.7847900390625
1779361298.236718,4.920411109924316,4.464749336242676,798.4313354492188,523.1990966796875
1779361298.241707,4.611737251281738,4.156075477600098,794.3553466796875,518.6256103515625
1779361298.246718,4.663182735443115,4.516195297241211,837.5485229492188,503.2081604003906
1779361298.251707,4.714628219604492,4.497821807861328,788.1007080078125,545.7747802734375
1779361298.256707,4.762399196624756,4.277340412139893,821.8549194335938,550.422119140625
1779361298.261707,4.733001708984375,4.137701988220215,801.8695068359375,546.2286376953125
1779361298.266707,4.98288106918335,4.479448318481445,800.3209228515625,542.4149169921875
1779361298.271718,4.894688129425049,4.424327850341797,777.378662109375,539.3460693359375
1779361298.276707,4.788122177124023,4.211195945739746,782.1089477539062,549.132568359375
1779361298.281707,4.876314640045166,4.468424320220947,765.099853515625,544.6580810546875
1779361298.286707,4.571315288543701,4.420653343200684,772.2449340820312,534.647216796875
1779361298.291707,4.659508228302002,4.402279853820801,815.8408813476562,512.8720703125
1779361298.296707,4.578664779663086,4.277340412139893,809.1988525390625,515.0196533203125
1779361298.301718,4.608062267303467,4.343484401702881,814.6158447265625,511.2643127441406
1779361298.306729,4.762399196624756,4.299388408660889,788.864501953125,525.5050048828125
1779361298.31184,4.549267292022705,4.2479424476623535,790.6958618164062,527.5262451171875
1779361298.31684,4.85426664352417,4.843242645263672,791.0942993164062,527.51318359375
1779361298.32684,4.659508228302002,4.674206733703613,789.5313720703125,534.5784912109375
1779361298.33184,4.637459754943848,4.06053352355957,782.859130859375,523.9963989257812
1779361298.33684,4.490472316741943,4.343484401702881,776.3782348632812,521.9569091796875
1779361298.34184,4.762399196624756,4.2479424476623535,774.2130737304688,519.9974365234375
1779361298.34684,4.806495666503906,4.5125203132629395,760.2992553710938,532.777099609375
1779361298.35184,4.5933637619018555,4.3802313804626465,800.6371459960938,527.1361083984375
1779361298.35684,4.762399196624756,4.563966274261475,800.6622314453125,531.2288208007812
1779361298.36184,4.733001708984375,4.233243942260742,778.0164794921875,530.3242797851562
1779361298.36684,4.843242645263672,4.549267292022705,780.5369262695312,532.1173095703125
1779361298.37184,4.718303203582764,4.394930362701416,773.5923461914062,528.3997802734375
1779361298.38184,4.777098178863525,4.563966274261475,787.1641235351562,526.4342651367188
1779361298.39184,4.729327201843262,4.424327850341797,797.2579956054688,527.917724609375
1779361298.39684,4.608062267303467,4.137701988220215,804.4614868164062,526.1985473632812
1779361298.40184,4.703604221343994,4.170773983001709,797.0127563476562,529.2308959960938
1779361298.40684,4.710953712463379,4.824869155883789,799.6318969726562,528.1506958007812
1779361298.41184,4.788122177124023,4.424327850341797,791.6525268554688,526.7830200195312
1779361298.41684,5.004929065704346,4.5933637619018555,793.6245727539062,535.46728515625
1779361298.42684,4.468424320220947,4.475773334503174,789.4490356445312,537.042236328125
1779361298.43184,4.677881717681885,4.336135387420654,791.8116455078125,534.997314453125
1779361298.43684,4.519869804382324,3.906196355819702,791.9186401367188,534.9742431640625
1779361298.441962,4.586014270782471,4.37288236618042,787.6157836914062,538.013671875
1779361298.446963,4.652158737182617,4.111979007720947,786.2157592773438,539.0616455078125
1779361298.451974,4.8910136222839355,4.3912553787231445,782.5166015625,532.7726440429688
1779361298.456963,4.630110740661621,4.336135387420654,818.1824340820312,531.856689453125
1779361298.461962,4.62643575668335,4.156075477600098,759.042724609375,534.1536865234375
1779361298.466963,4.48679780960083,4.413303852081299,768.866455078125,539.0211181640625
1779361298.471963,4.563966274261475,4.225894451141357,771.0400390625,536.2059326171875
1779361298.476963,4.78444766998291,4.453725337982178,726.7899780273438,542.8280029296875
1779361298.481974,4.685230731964111,4.365532875061035,801.119140625,523.2803344726562
1779361298.486963,4.769748687744141,4.394930362701416,797.5752563476562,522.458740234375
1779361298.491963,4.677881717681885,3.9098711013793945,785.3632202148438,529.1142578125
1779361298.496963,4.633785247802734,4.376556873321533,771.2046508789062,531.0366821289062
1779361298.501963,4.861616134643555,4.196496963500977,778.6271362304688,538.4422607421875
1779361298.506963,4.755050182342529,4.376556873321533,774.8180541992188,530.638916015625
1779361298.511963,4.674206733703613,4.586014270782471,765.8802490234375,527.4307861328125
1779361298.516963,4.641134738922119,4.137701988220215,782.0542602539062,527.6026611328125
1779361298.521963,4.766074180603027,4.299388408660889,779.397216796875,526.8057861328125
1779361298.526963,4.850592136383057,4.630110740661621,760.4490356445312,546.282958984375
1779361298.531963,4.773423671722412,4.1450514793396,779.960205078125,535.0740966796875
1779361298.536963,4.688905715942383,4.167099475860596,785.532470703125,539.294189453125
1779361298.541963,4.806495666503906,4.273665428161621,801.4683837890625,533.4297485351562
1779361298.546962,5.001254081726074,4.571315288543701,795.076904296875,534.394287109375
1779361298.551963,4.857941150665283,4.336135387420654,788.2250366210938,531.912353515625
1779361298.556962,4.688905715942383,4.255291938781738,763.9193725585938,516.056396484375
1779361298.561963,4.4500508308410645,4.269990921020508,766.7990112304688,524.3765869140625
1779361298.566962,4.777098178863525,4.387580871582031,803.2308959960938,514.6690673828125
1779361298.571963,4.5125203132629395,4.284689426422119,793.1351318359375,529.8140869140625
1779361298.577085,4.611737251281738,4.027461051940918,786.833251953125,525.1966552734375
1779361298.582085,4.674206733703613,4.457399845123291,777.4503173828125,523.169921875
1779361298.587085,4.453725337982178,4.299388408660889,797.3279418945312,527.4921875
1779361298.592085,4.641134738922119,4.310412406921387,777.334228515625,531.580078125
1779361298.597085,4.508845806121826,4.111979007720947,769.58837890625,528.3990478515625
1779361298.602085,4.865290641784668,4.225894451141357,781.9207763671875,528.54248046875
1779361298.607085,4.468424320220947,4.262641429901123,785.4163818359375,524.145263671875
1779361298.612085,4.850592136383057,3.9796903133392334,786.7105102539062,522.919677734375
1779361298.617085,4.589688777923584,4.108304500579834,787.3409423828125,521.1571044921875
1779361298.622085,4.578664779663086,4.269990921020508,741.7210693359375,537.6591796875
1779361298.627085,4.402279853820801,4.3140869140625,789.6467895507812,528.017578125
1779361298.632085,4.74035120010376,4.1450514793396,799.4177856445312,527.8182983398438
1779361298.637085,4.490472316741943,4.214870452880859,796.404296875,529.176513671875
1779361298.642085,5.0122785568237305,4.5125203132629395,799.5220947265625,519.1241455078125
1779361298.647085,4.545592784881592,4.159749984741211,826.44091796875,530.9229736328125
1779361298.652085,4.696254730224609,4.48679780960083,811.4093627929688,529.3546142578125
1779361298.657085,4.552941799163818,4.549267292022705,804.7528686523438,530.13525390625
1779361298.662085,4.622761249542236,4.1450514793396,806.339111328125,530.0382080078125
1779361298.667085,4.652158737182617,4.306737899780273,773.0935668945312,491.20318603515625
1779361298.672085,4.563966274261475,4.310412406921387,778.3294067382812,523.13232421875
1779361298.677085,4.55661678314209,4.277340412139893,758.8720092773438,547.091796875
1779361298.682085,4.707279205322266,4.207520961761475,782.0191650390625,537.701416015625
1779361298.687085,4.652158737182617,4.203846454620361,783.0250854492188,531.4742431640625
1779361298.692085,5.008603572845459,4.475773334503174,820.3224487304688,524.769287109375
1779361298.697085,4.688905715942383,4.189147472381592,814.6386108398438,523.12646484375
1779361298.702085,4.850592136383057,4.55661678314209,794.9451904296875,528.411376953125
1779361298.707085,4.6668572425842285,4.387580871582031,787.1012573242188,528.71142578125
1779361298.712207,4.663182735443115,4.589688777923584,786.06591796875,529.20458984375
1779361298.717218,4.733001708984375,4.413303852081299,800.6939697265625,525.37646484375
1779361298.722207,4.4610748291015625,4.376556873321533,800.30029296875,531.690185546875
1779361298.727207,4.9424591064453125,4.181798458099365,798.2977905273438,531.9407958984375
1779361298.732218,4.791797161102295,4.321436405181885,776.5732421875,541.5079345703125
1779361298.737207,5.026977062225342,4.288364410400391,761.1683959960938,547.110595703125
1779361298.742207,4.652158737182617,4.284689426422119,745.8888549804688,534.070556640625
1779361298.747207,4.681556224822998,4.20017147064209,724.058837890625,547.12890625
1779361298.752207,4.758724689483643,4.354508876800537,723.1656494140625,555.4384765625
1779361298.757207,4.791797161102295,4.464749336242676,713.1600341796875,555.8145751953125
1779361298.762207,4.766074180603027,4.387580871582031,718.0315551757812,552.1917724609375
1779361298.767207,4.468424320220947,4.181798458099365,719.78759765625,553.9156494140625
1779361298.772207,4.872640132904053,4.336135387420654,720.8342895507812,555.5899658203125
1779361298.777207,4.688905715942383,4.262641429901123,716.491455078125,548.38671875
1779361298.782207,4.89836311340332,4.100955009460449,740.2723999023438,494.5362548828125
1779361298.787207,4.8689656257629395,4.203846454620361,726.548095703125,546.4613037109375
1779361298.792207,4.721977710723877,4.075232028961182,728.77734375,534.8822021484375
1779361298.797218,4.475773334503174,3.9833648204803467,759.2161865234375,539.4765625
1779361298.802207,4.718303203582764,4.288364410400391,695.931396484375,562.187255859375
1779361298.812207,4.721977710723877,4.192822456359863,749.8064575195312,548.14697265625
1779361298.817207,4.622761249542236,4.086256504058838,680.025390625,552.30810546875
1779361298.822207,4.3912553787231445,4.189147472381592,663.1279296875,562.578125
1779361298.827207,4.718303203582764,4.196496963500977,694.4441528320312,554.4691162109375
1779361298.832207,5.111495018005371,4.424327850341797,728.4921875,530.1275634765625
1779361298.842207,4.6558332443237305,3.9172205924987793,727.1109619140625,535.947998046875
1779361298.847218,4.777098178863525,3.9025216102600098,763.4306030273438,540.1871337890625
1779361298.85234,4.710953712463379,4.001738548278809,701.4009399414062,563.3712158203125
1779361298.85734,4.497821807861328,4.071557521820068,775.9254150390625,530.9605712890625
1779361298.86234,4.703604221343994,4.203846454620361,768.5445556640625,533.7201538085938
1779361298.86734,4.824869155883789,4.1046295166015625,768.3287353515625,531.7181396484375
1779361298.87234,4.464749336242676,4.178123474121094,765.626220703125,532.53759765625
1779361298.87734,4.788122177124023,4.281014919281006,745.0154418945312,542.1827392578125
1779361298.88234,4.769748687744141,4.1744489669799805,736.5875244140625,539.15869140625
1779361298.88734,4.710953712463379,4.262641429901123,765.0387573242188,542.7725830078125
1779361298.89234,4.674206733703613,3.9098711013793945,767.7713623046875,536.762939453125
1779361298.89734,4.354508876800537,3.895172357559204,764.7516479492188,538.3616943359375
1779361298.90234,4.439026832580566,3.8474013805389404,766.8889770507812,539.1944580078125
1779361298.90734,4.633785247802734,4.292038917541504,764.013916015625,538.139892578125
1779361298.91234,4.883664131164551,4.2369184494018555,758.039306640625,537.4990234375
1779361298.91734,4.5933637619018555,4.2369184494018555,757.7448120117188,537.944580078125
1779361298.92234,4.710953712463379,4.137701988220215,760.585205078125,537.93017578125
1779361298.92734,4.777098178863525,4.394930362701416,761.934814453125,538.0589599609375
1779361298.93234,4.545592784881592,4.192822456359863,767.4462280273438,530.9447021484375
1779361298.93734,4.402279853820801,4.06053352355957,766.9682006835938,532.7482299804688
1779361298.94234,4.641134738922119,4.505170822143555,774.89794921875,522.794677734375
1779361298.94734,4.4610748291015625,4.123003005981445,773.6444091796875,524.0092163085938
1779361298.95234,4.707279205322266,4.078907012939453,769.220458984375,528.8619384765625
1779361298.95734,4.527219295501709,4.240593433380127,772.4918212890625,532.5255126953125
1779361298.96234,4.641134738922119,4.508845806121826,799.6456298828125,532.1639404296875
1779361298.96734,4.586014270782471,4.108304500579834,803.0835571289062,533.4662475585938
1779361298.97234,4.74035120010376,4.35818338394165,793.2318115234375,535.732421875
1779361298.97734,4.909387111663818,4.1744489669799805,783.1985473632812,535.2020263671875
1779361298.98234,5.0122785568237305,4.652158737182617,782.05224609375,534.266845703125
1779361298.98734,4.887339115142822,4.475773334503174,783.4235229492188,532.2470092773438
1779361298.992463,4.464749336242676,4.269990921020508,783.65380859375,533.059326171875
1779361298.997463,4.527219295501709,4.336135387420654,785.30517578125,532.76904296875
1779361299.002463,4.630110740661621,4.589688777923584,784.6953735351562,534.81396484375
1779361299.007463,4.714628219604492,4.446375846862793,787.2857055664062,534.5810546875
1779361299.017462,4.7477006912231445,4.25896692276001,792.580810546875,534.424560546875
1779361299.022463,4.336135387420654,4.027461051940918,783.4436645507812,531.0499267578125
1779361299.027462,4.659508228302002,4.350833892822266,774.1644897460938,531.8607177734375
1779361299.037462,4.733001708984375,4.424327850341797,780.3372802734375,532.6322021484375
1779361299.042474,5.001254081726074,4.586014270782471,795.1875,528.052978515625
1779361299.047462,4.865290641784668,4.402279853820801,792.3056030273438,527.126220703125
1779361299.052463,4.608062267303467,3.935593843460083,794.166259765625,529.8594970703125
1779361299.057463,4.685230731964111,4.383906364440918,783.4817504882812,533.7421875
1779361299.062463,4.78444766998291,4.3802313804626465,793.5615844726562,526.4483642578125
1779361299.067463,4.832218647003174,4.402279853820801,808.9468994140625,525.4510498046875
1779361299.072463,4.960832595825195,4.159749984741211,807.8380737304688,527.5717163085938
1779361299.077463,4.883664131164551,4.446375846862793,781.9476318359375,520.0606689453125
1779361299.082463,4.9424591064453125,4.321436405181885,776.8901977539062,516.6441650390625
1779361299.092463,4.611737251281738,4.20017147064209,780.70068359375,523.8931884765625
1779361299.097463,4.777098178863525,4.431677341461182,796.2932739257812,515.5728759765625
1779361299.102463,4.718303203582764,4.299388408660889,808.8396606445312,522.337158203125
1779361299.107463,4.563966274261475,4.214870452880859,795.153076171875,523.76025390625
1779361299.112463,4.54191780090332,4.44270133972168,801.5238647460938,524.4156494140625
1779361299.117463,4.788122177124023,4.137701988220215,801.100830078125,524.3509521484375
1779361299.127585,4.692580223083496,4.100955009460449,789.6754150390625,528.55517578125
1779361299.132585,4.688905715942383,4.350833892822266,785.5877685546875,527.734619140625
1779361299.137585,4.766074180603027,4.137701988220215,785.1593627929688,529.132080078125
1779361299.142585,4.766074180603027,4.303062915802002,784.5396728515625,530.2600708007812
1779361299.147585,4.7366766929626465,3.9907143115997314,787.1273193359375,532.0810546875
1779361299.162585,4.791797161102295,4.0936055183410645,796.506103515625,531.3572387695312
1779361299.167585,4.674206733703613,4.233243942260742,809.154052734375,532.9749755859375
1779361299.172585,5.004929065704346,4.295713424682617,814.6065673828125,519.5169677734375
1779361299.177585,4.777098178863525,4.336135387420654,809.6401977539062,528.565673828125
1779361299.182585,4.762399196624756,4.497821807861328,808.873779296875,524.3248291015625
1779361299.187585,4.762399196624756,4.383906364440918,809.2222290039062,526.2738037109375
1779361299.192585,4.98288106918335,4.446375846862793,801.4360961914062,534.777099609375
1779361299.197585,4.755050182342529,4.1744489669799805,775.5612182617188,536.8201904296875
1779361299.202585,4.703604221343994,4.056858539581299,778.856201171875,534.7445068359375
1779361299.207585,4.733001708984375,4.027461051940918,781.951416015625,531.9830932617188
1779361299.212585,4.479448318481445,4.336135387420654,779.552001953125,534.8009033203125
1779361299.217585,4.8910136222839355,4.299388408660889,785.9683837890625,532.3822021484375
1779361299.227585,4.821194648742676,4.167099475860596,788.0626831054688,536.659423828125
1779361299.232585,4.483122825622559,4.211195945739746,827.4013671875,520.3624267578125
1779361299.237585,4.7366766929626465,4.527219295501709,818.05078125,523.6370849609375
1779361299.242585,4.435351848602295,4.24426794052124,800.6344604492188,526.321533203125
1779361299.247585,4.7991461753845215,4.123003005981445,787.2732543945312,530.8516845703125
1779361299.252585,4.714628219604492,4.37288236618042,787.4566650390625,531.8087768554688
1779361299.257718,4.733001708984375,4.089931011199951,809.5195922851562,534.6292724609375
1779361299.262707,4.582339763641357,4.137701988220215,808.7175903320312,534.302490234375
1779361299.267718,4.6558332443237305,4.001738548278809,802.12060546875,531.54931640625
1779361299.272707,4.909387111663818,4.203846454620361,793.34423828125,535.9884033203125
1779361299.277707,4.578664779663086,4.519869804382324,790.9481811523438,538.2333984375
1779361299.282707,4.5933637619018555,4.277340412139893,788.3425903320312,534.37646484375
1779361299.292707,4.762399196624756,4.3140869140625,787.5997314453125,537.5242919921875
1779361299.297707,4.710953712463379,4.269990921020508,782.5152587890625,539.663818359375
1779361299.302707,4.6668572425842285,3.94661808013916,801.8231811523438,528.537841796875
1779361299.307718,4.806495666503906,4.3177618980407715,798.882568359375,531.34716796875
1779361299.317718,4.483122825622559,4.167099475860596,777.7030639648438,535.50732421875
1779361299.322707,4.74035120010376,4.159749984741211,784.3211669921875,527.565673828125
1779361299.327718,4.479448318481445,3.694901704788208,785.2471923828125,530.37548828125
1779361299.332718,4.571315288543701,4.108304500579834,774.90087890625,535.6119384765625
1779361299.337707,4.615411758422852,3.7279739379882812,800.240234375,518.2401123046875
1779361299.342707,4.674206733703613,3.694901704788208,770.7865600585938,530.2532958984375
1779361299.347707,4.567640781402588,3.9098711013793945,775.1434326171875,525.5126953125
1779361299.352707,4.350833892822266,3.7151124477386475,800.2431030273438,530.375
1779361299.357707,4.240593433380127,4.049509525299072,766.4246826171875,528.1117553710938
1779361299.362707,4.409628868103027,3.9208950996398926,764.1759033203125,530.046875
1779361299.368367,4.534568786621094,3.9429433345794678,764.04443359375,532.7646484375
1779361299.373367,4.578664779663086,4.005413055419922,765.5691528320312,536.8170166015625
1779361299.378367,4.744025707244873,4.1450514793396,768.4912719726562,541.8314208984375
1779361299.383367,4.549267292022705,4.045834541320801,771.0430297851562,540.9949951171875
1779361299.388378,4.178123474121094,4.020112037658691,780.1497192382812,540.7293701171875
1779361299.393501,4.490472316741943,3.9907143115997314,789.0016479492188,537.322998046875
1779361299.3985,4.530893802642822,4.303062915802002,793.3966064453125,537.205078125
1779361299.403501,4.4610748291015625,4.123003005981445,790.4710693359375,532.5931396484375
1779361299.4085,4.578664779663086,4.2479424476623535,785.6318359375,538.383056640625
1779361299.413501,4.714628219604492,3.906196355819702,787.74072265625,538.815185546875
1779361299.4185,4.9534831047058105,4.5125203132629395,820.9332885742188,533.5703735351562
1779361299.423501,4.681556224822998,3.9392685890197754,799.99951171875,533.7517700195312
1779361299.428501,4.795471668243408,3.9098711013793945,775.1463012695312,542.8287353515625
1779361299.433501,4.44270133972168,4.005413055419922,773.3681030273438,544.303955078125
1779361299.438501,4.439026832580566,4.045834541320801,775.0732421875,540.89453125
1779361299.443501,4.354508876800537,4.005413055419922,771.2518920898438,546.7613525390625
1779361299.448501,4.497821807861328,4.148725986480713,765.697265625,543.2764892578125
1779361299.458512,4.321436405181885,4.123003005981445,768.3355102539062,539.5494384765625
1779361299.4635,4.681556224822998,4.123003005981445,767.4118041992188,539.2340087890625
1779361299.468501,4.769748687744141,4.181798458099365,785.2506103515625,535.5684814453125
1779361299.4735,4.574990272521973,4.020112037658691,786.0841674804688,535.9677734375
1779361299.478501,4.490472316741943,4.225894451141357,758.7896118164062,543.5516357421875
1779361299.4835,4.343484401702881,3.9025216102600098,781.8919067382812,533.4210205078125
1779361299.488501,4.383906364440918,4.111979007720947,779.6575317382812,534.4426879882812
1779361299.4935,4.37288236618042,4.034810543060303,760.1398315429688,538.0867919921875
1779361299.498501,4.284689426422119,4.009087562561035,761.90869140625,534.1287841796875
1779361299.5035,4.376556873321533,4.170773983001709,748.3541870117188,535.29931640625
1779361299.508501,4.527219295501709,3.9833648204803467,746.70263671875,529.1470947265625
1779361299.5135,4.468424320220947,4.3140869140625,761.4138793945312,538.2796630859375
1779361299.518501,4.398604869842529,3.9833648204803467,766.5045166015625,535.7288818359375
1779361299.5235,4.644809246063232,4.056858539581299,759.850830078125,535.7430419921875
1779361299.528501,4.688905715942383,4.211195945739746,780.9517211914062,536.6102294921875
1779361299.533623,4.424327850341797,4.299388408660889,779.0206909179688,532.2598876953125
1779361299.538623,4.464749336242676,4.538243293762207,775.1721801757812,531.406982421875
1779361299.543623,4.545592784881592,4.350833892822266,760.0219116210938,545.0589599609375
1779361299.548623,4.663182735443115,4.398604869842529,760.1293334960938,542.9793701171875
1779361299.553623,4.538243293762207,4.100955009460449,766.106201171875,539.016357421875
1779361299.558623,4.398604869842529,4.497821807861328,770.3236083984375,537.7674560546875
1779361299.563623,4.681556224822998,4.134027481079102,775.30810546875,535.09521484375
1779361299.568623,4.35818338394165,4.045834541320801,773.526123046875,536.788818359375
1779361299.578623,4.637459754943848,4.126677989959717,784.8026123046875,524.1812744140625
1779361299.583623,4.490472316741943,4.479448318481445,783.89404296875,525.6281127929688
1779361299.588623,4.4610748291015625,4.409628868103027,758.8387451171875,533.0338134765625
1779361299.593623,4.475773334503174,4.505170822143555,773.5184936523438,529.2546997070312
1779361299.598623,4.5235443115234375,4.435351848602295,770.20263671875,527.1809692382812
1779361299.603623,4.288364410400391,4.468424320220947,778.3875732421875,530.9785766601562
1779361299.608623,4.644809246063232,4.563966274261475,806.5570068359375,514.24365234375
1779361299.613623,4.505170822143555,4.611737251281738,800.9618530273438,516.0772094726562
1779361299.618623,4.303062915802002,4.336135387420654,792.2391967773438,526.0457763671875
1779361299.623623,4.530893802642822,4.744025707244873,773.384765625,532.406982421875
1779361299.628623,4.251617431640625,4.409628868103027,787.7826538085938,531.1285400390625
1779361299.633623,4.780772686004639,4.269990921020508,783.79833984375,530.1655883789062
1779361299.638623,4.479448318481445,4.611737251281738,784.2466430664062,530.5838623046875
1779361299.643623,4.527219295501709,4.744025707244873,806.6968994140625,517.69287109375
1779361299.648623,4.567640781402588,4.563966274261475,804.6323852539062,517.781982421875
1779361299.653623,4.483122825622559,4.608062267303467,796.90869140625,519.8642578125
1779361299.658623,4.582339763641357,4.773423671722412,797.6663208007812,519.8724365234375
1779361299.663634,4.696254730224609,4.721977710723877,794.6874389648438,519.5064697265625
1779361299.668745,4.615411758422852,4.7991461753845215,793.12939453125,517.8930053710938
1779361299.673634,4.446375846862793,4.5125203132629395,790.8201904296875,516.8341064453125
1779361299.678745,4.211195945739746,4.586014270782471,792.02001953125,516.889404296875
1779361299.683745,4.55661678314209,4.663182735443115,816.4396362304688,507.5274353027344
1779361299.688745,4.637459754943848,4.571315288543701,782.037109375,516.3804321289062
1779361299.693745,4.538243293762207,4.696254730224609,785.0009155273438,520.3408203125
1779361299.698745,4.74035120010376,5.049025058746338,847.8231811523438,524.7335205078125
1779361299.703745,4.0936055183410645,4.633785247802734,823.5635375976562,526.9676513671875
1779361299.708745,4.453725337982178,4.865290641784668,811.3848266601562,525.04931640625
1779361299.713745,4.530893802642822,4.475773334503174,793.4595947265625,533.59375
1779361299.718745,4.6558332443237305,4.957158088684082,788.0748901367188,534.9248046875
1779361299.723745,4.5125203132629395,4.8689656257629395,787.1651611328125,533.9588623046875
1779361299.728745,4.773423671722412,4.824869155883789,788.0694580078125,532.1397094726562
1779361299.733745,4.7991461753845215,4.905712127685547,788.8267211914062,530.8295288085938
1779361299.738745,4.299388408660889,4.755050182342529,799.8250732421875,501.2296447753906
1779361299.743745,4.975531578063965,4.916736602783203,792.8419189453125,511.09765625
1779361299.748756,4.608062267303467,5.008603572845459,784.3128051757812,520.4862060546875
1779361299.753745,4.674206733703613,4.725652694702148,777.895751953125,524.9530639648438
1779361299.758745,4.718303203582764,4.710953712463379,777.4541015625,526.6317138671875
1779361299.763756,4.916736602783203,4.98288106918335,777.64306640625,532.5482788085938
1779361299.768745,4.586014270782471,4.663182735443115,772.4620971679688,528.866455078125
1779361299.773745,4.721977710723877,4.475773334503174,772.4027099609375,530.729248046875
1779361299.778745,4.806495666503906,4.681556224822998,764.5365600585938,532.65234375
1779361299.783745,4.6558332443237305,4.674206733703613,767.4986572265625,503.70025634765625
1779361299.788745,4.909387111663818,4.744025707244873,745.9660034179688,522.1474609375
1779361299.793745,4.813845157623291,4.7366766929626465,744.7510375976562,503.4205017089844
1779361299.798867,4.431677341461182,4.949808597564697,755.3700561523438,476.3373107910156
1779361299.803867,4.652158737182617,4.832218647003174,748.2611694335938,509.75091552734375
1779361299.808867,4.343484401702881,4.821194648742676,750.1547241210938,508.6478271484375
1779361299.813867,4.806495666503906,4.55661678314209,766.552978515625,506.2134094238281
1779361299.818867,4.637459754943848,4.641134738922119,764.4710083007812,505.4246520996094
1779361299.823867,4.725652694702148,4.652158737182617,765.8878173828125,497.9046325683594
1779361299.828867,4.74035120010376,4.505170822143555,771.5946655273438,504.9807434082031
1779361299.833878,5.107820510864258,4.821194648742676,756.867919921875,512.4219970703125
1779361299.838867,4.821194648742676,4.758724689483643,758.481689453125,512.5086669921875
1779361299.843867,4.6668572425842285,4.857941150665283,769.5840454101562,533.0684204101562
1779361299.848878,4.659508228302002,4.622761249542236,759.6192626953125,526.9541015625
1779361299.853867,4.652158737182617,4.916736602783203,730.0078125,544.5338134765625
1779361299.858867,4.644809246063232,4.98288106918335,746.7354125976562,531.7074584960938
1779361299.863878,4.773423671722412,4.685230731964111,756.1107177734375,530.685546875
1779361299.868867,4.630110740661621,4.795471668243408,758.7435913085938,524.94482421875
1779361299.873867,4.637459754943848,4.659508228302002,760.1430053710938,524.1446533203125
1779361299.878878,4.96818208694458,4.780772686004639,762.8433837890625,518.52099609375
1779361299.883867,4.902037620544434,4.681556224822998,762.5234985351562,520.0748291015625
1779361299.888878,4.7991461753845215,4.9314351081848145,740.8301391601562,533.1078491210938
1779361299.893867,4.865290641784668,4.703604221343994,787.5369873046875,510.2731628417969
1779361299.898867,4.850592136383057,4.54191780090332,773.4186401367188,523.47705078125
1779361299.903867,4.751375198364258,4.828543663024902,778.9208374023438,517.7369384765625
1779361299.90889,4.729327201843262,5.034326553344727,771.8071899414062,521.7774047851562
1779361299.913867,5.019627571105957,4.839568138122559,775.9544677734375,526.5496826171875
1779361299.918867,4.681556224822998,4.622761249542236,774.9949340820312,526.07958984375
1779361299.923867,4.795471668243408,4.681556224822998,767.74755859375,533.2215576171875
1779361299.928867,4.600712776184082,4.7991461753845215,768.5330200195312,532.1055908203125
1779361299.934,4.766074180603027,4.861616134643555,769.4692993164062,529.5647583007812
1779361299.939001,4.578664779663086,4.5235443115234375,793.8449096679688,518.9812622070312
1779361299.943889,4.7991461753845215,4.835893154144287,745.7326049804688,529.90087890625
1779361299.949001,4.821194648742676,4.806495666503906,750.0479125976562,536.23291015625
1779361299.954,4.971856594085693,4.777098178863525,753.036865234375,534.6947021484375
1779361299.959001,4.622761249542236,4.567640781402588,754.5761108398438,531.467041015625
1779361299.964,4.453725337982178,4.795471668243408,764.4290161132812,530.5755615234375
1779361299.969001,4.755050182342529,4.762399196624756,766.8483276367188,525.7266235351562
1779361299.974,4.721977710723877,4.850592136383057,763.8497924804688,509.9947509765625
1779361299.979001,4.571315288543701,4.744025707244873,761.9931640625,518.5419311523438
1779361299.984,4.615411758422852,4.563966274261475,784.2303466796875,510.5154113769531
1779361299.989001,4.630110740661621,4.497821807861328,779.903076171875,505.14691162109375
1779361299.994,4.637459754943848,4.98288106918335,752.4210815429688,541.4080810546875
1779361299.999001,4.729327201843262,4.909387111663818,761.9276123046875,538.9373779296875
1779361300.004,4.615411758422852,4.872640132904053,762.3112182617188,535.2562255859375
1779361300.009001,4.5933637619018555,4.850592136383057,766.243896484375,533.68701171875
1779361300.014001,4.55661678314209,4.644809246063232,763.7056274414062,530.6035766601562
1779361300.019001,4.777098178863525,4.777098178863525,762.8673095703125,528.2243041992188
1779361300.024001,4.758724689483643,4.611737251281738,765.5787963867188,527.9378662109375
1779361300.029001,4.663182735443115,4.439026832580566,760.3790283203125,531.9896850585938
1779361300.034001,4.777098178863525,4.42800235748291,776.1873779296875,522.3868408203125
1779361300.039001,4.813845157623291,4.971856594085693,774.3757934570312,525.076416015625
1779361300.044001,4.6668572425842285,4.663182735443115,761.9417114257812,530.0443115234375
1779361300.049001,4.677881717681885,4.806495666503906,786.4524536132812,524.0615234375
1779361300.054001,4.887339115142822,4.832218647003174,779.6639404296875,526.1297607421875
1779361300.059,4.483122825622559,4.6668572425842285,773.7120361328125,527.6485595703125
1779361300.064001,4.630110740661621,4.677881717681885,770.17626953125,522.181884765625
1779361300.069,4.633785247802734,4.549267292022705,766.9805908203125,526.90673828125
1779361300.074134,4.692580223083496,4.872640132904053,766.6912841796875,524.833740234375
1779361300.079,4.641134738922119,4.710953712463379,765.5693969726562,528.8881225585938
1779361300.084123,4.552941799163818,4.773423671722412,766.3092041015625,530.2771606445312
1779361300.094134,4.788122177124023,4.9314351081848145,771.884521484375,527.836181640625
1779361300.099123,4.699929714202881,4.615411758422852,771.4834594726562,527.260498046875
1779361300.104123,4.688905715942383,4.846917152404785,775.3793334960938,527.6541748046875
1779361300.119123,4.74035120010376,5.0122785568237305,775.137451171875,524.6702880859375
1779361300.124123,4.62643575668335,4.876314640045166,778.8827514648438,527.7282104492188
1779361300.129123,4.574990272521973,4.563966274261475,772.1129150390625,531.1146240234375
1779361300.134123,4.74035120010376,4.637459754943848,773.7271728515625,529.72509765625
1779361300.139123,4.839568138122559,4.615411758422852,780.7538452148438,518.5867919921875
1779361300.149123,4.633785247802734,4.791797161102295,782.1779174804688,521.9913330078125
1779361300.154123,4.659508228302002,4.791797161102295,742.8213500976562,527.1661987304688
1779361300.159123,4.4500508308410645,4.9534831047058105,743.7876586914062,533.2174072265625
1779361300.164123,4.703604221343994,4.6668572425842285,766.0577392578125,523.656494140625
1779361300.169123,4.641134738922119,4.777098178863525,760.1118774414062,533.2909545898438
1779361300.174123,4.321436405181885,4.703604221343994,766.2491455078125,534.448486328125
1779361300.179123,4.446375846862793,4.721977710723877,755.4453735351562,518.2030639648438
1779361300.184123,4.622761249542236,4.501496315002441,757.0051879882812,524.5860595703125
1779361300.189123,4.516195297241211,4.5125203132629395,756.8444213867188,526.90966796875
1779361300.194123,4.857941150665283,4.828543663024902,771.27978515625,530.50732421875
1779361300.199123,4.685230731964111,4.483122825622559,772.4199829101562,530.6907958984375
1779361300.204123,4.571315288543701,4.674206733703613,769.2088012695312,533.2761840820312
1779361300.209245,4.494146823883057,4.817519664764404,769.7951049804688,532.017578125
1779361300.214245,4.608062267303467,4.74035120010376,763.7227172851562,537.2935791015625
1779361300.219245,4.721977710723877,4.846917152404785,785.2744140625,525.1002197265625
1779361300.224245,4.733001708984375,4.703604221343994,785.858642578125,523.673828125
1779361300.229245,4.74035120010376,4.762399196624756,780.7623901367188,526.7025146484375
1779361300.234256,4.365532875061035,4.769748687744141,768.90185546875,534.4730224609375
1779361300.239245,4.733001708984375,4.652158737182617,793.9857788085938,531.4797973632812
1779361300.244245,4.582339763641357,4.751375198364258,769.1232299804688,529.6295166015625
1779361300.254256,4.383906364440918,4.483122825622559,769.4066162109375,531.9769287109375
1779361300.259245,4.5933637619018555,4.681556224822998,767.6303100585938,534.4910888671875
1779361300.264245,4.497821807861328,4.788122177124023,765.7879638671875,533.9180908203125
1779361300.269245,4.622761249542236,4.78444766998291,758.4989013671875,535.1141357421875
1779361300.279245,4.600712776184082,4.611737251281738,759.9298706054688,537.3389892578125
1779361300.284245,4.5125203132629395,4.806495666503906,787.4134521484375,532.91748046875
1779361300.294267,4.563966274261475,4.905712127685547,779.69140625,528.8643798828125
1779361300.299245,4.519869804382324,4.692580223083496,777.1541137695312,529.84619140625
1779361300.304245,4.755050182342529,4.563966274261475,779.1968994140625,530.8251953125
1779361300.309245,4.780772686004639,4.813845157623291,778.7138671875,529.6605224609375
1779361300.314245,4.699929714202881,4.659508228302002,775.7844848632812,530.0447387695312
1779361300.319245,4.6668572425842285,4.6668572425842285,776.2725830078125,529.602783203125
1779361300.324245,4.6668572425842285,4.721977710723877,793.2232666015625,524.959228515625
1779361300.329245,4.707279205322266,4.993905067443848,777.8246459960938,531.88916015625
1779361300.334245,4.674206733703613,4.744025707244873,741.466064453125,537.52197265625
1779361300.339245,4.696254730224609,4.883664131164551,773.6031494140625,528.1691284179688
1779361300.344367,4.497821807861328,4.744025707244873,786.1054077148438,519.828857421875
1779361300.349367,4.902037620544434,4.916736602783203,757.30322265625,539.837158203125
1779361300.354367,4.303062915802002,4.519869804382324,792.1226196289062,529.3451538085938
1779361300.359367,4.446375846862793,4.835893154144287,813.88232421875,503.69146728515625
1779361300.364367,4.729327201843262,4.755050182342529,800.2997436523438,510.68499755859375
1779361300.369367,4.5235443115234375,4.718303203582764,800.2876586914062,512.8012084960938
1779361300.374367,4.534568786621094,4.54191780090332,776.3584594726562,529.8948974609375
1779361300.379367,4.641134738922119,4.505170822143555,758.9225463867188,534.618408203125
1779361300.384367,4.674206733703613,4.597038269042969,769.8507690429688,532.4735107421875
1779361300.389367,4.563966274261475,4.549267292022705,775.9393310546875,527.05615234375
1779361300.394367,4.733001708984375,4.876314640045166,770.0037231445312,531.4102783203125
1779361300.399367,4.6668572425842285,4.975531578063965,771.3890991210938,530.207275390625
1779361300.404378,4.633785247802734,4.563966274261475,769.63720703125,530.3871459960938
1779361300.409367,4.846917152404785,4.453725337982178,770.3956909179688,530.85595703125
1779361300.414367,4.699929714202881,4.806495666503906,764.9567260742188,527.4049072265625
1779361300.419367,4.688905715942383,4.733001708984375,771.5398559570312,536.2889404296875
1779361300.424367,4.527219295501709,4.586014270782471,763.4082641601562,532.0541381835938
1779361300.429367,4.927760601043701,4.777098178863525,759.7044067382812,534.3829956054688
1779361300.439367,4.806495666503906,5.03800106048584,773.2702026367188,534.7216796875
1779361300.444367,4.6043877601623535,4.582339763641357,787.9273681640625,527.76123046875
1779361300.449367,4.876314640045166,4.769748687744141,784.9774169921875,525.118408203125
1779361300.454367,4.751375198364258,4.5933637619018555,784.2811889648438,523.50244140625
1779361300.459378,4.4720988273620605,4.696254730224609,786.8770751953125,529.58251953125
1779361300.464367,4.633785247802734,4.659508228302002,780.7488403320312,530.69970703125
1779361300.474367,4.681556224822998,4.957158088684082,765.2952880859375,534.6705322265625
1779361300.479501,4.89836311340332,4.674206733703613,749.9052124023438,530.0887451171875
1779361300.484501,4.85426664352417,4.769748687744141,745.6620483398438,528.05859375
1779361300.489501,4.78444766998291,4.762399196624756,768.0986938476562,526.6541748046875
1779361300.494501,4.383906364440918,4.62643575668335,779.7214965820312,525.8773803710938
1779361300.504501,4.652158737182617,4.817519664764404,769.4635009765625,526.4697265625
1779361300.509501,4.729327201843262,4.54191780090332,767.9415893554688,528.7127685546875
1779361300.514501,4.549267292022705,4.6558332443237305,771.6372680664062,526.2958984375
1779361300.5195,4.865290641784668,4.641134738922119,777.0219116210938,518.0645751953125
1779361300.524501,4.549267292022705,4.733001708984375,791.3570556640625,521.6792602539062
1779361300.5295,4.648483753204346,4.806495666503906,784.058349609375,520.3638916015625
1779361300.534501,4.887339115142822,4.710953712463379,789.652099609375,516.2583618164062
1779361300.5395,4.597038269042969,4.762399196624756,784.7257690429688,533.757080078125
1779361300.544501,4.78444766998291,4.894688129425049,762.6405639648438,540.74658203125
1779361300.5495,4.733001708984375,4.699929714202881,781.5338134765625,523.2945556640625
1779361300.554501,4.567640781402588,4.4720988273620605,791.2717895507812,513.9497680664062
1779361300.5595,4.696254730224609,4.479448318481445,769.6317749023438,529.2410888671875
1779361300.564501,4.696254730224609,4.74035120010376,773.8635864257812,527.60986328125
1779361300.5695,4.475773334503174,4.369207382202148,775.964599609375,529.8732299804688
1779361300.574501,4.589688777923584,4.721977710723877,798.7470092773438,531.8294677734375
1779361300.5795,4.688905715942383,4.5933637619018555,789.4089965820312,525.5989990234375
1779361300.584501,4.622761249542236,4.659508228302002,790.6423950195312,523.25048828125
1779361300.5895,4.4610748291015625,5.067398548126221,737.9534301757812,538.7486572265625
1779361300.594501,4.597038269042969,4.762399196624756,744.5482788085938,534.95849609375
1779361300.599501,4.622761249542236,4.255291938781738,766.1105346679688,528.8771362304688
1779361300.604501,4.644809246063232,4.710953712463379,760.1155395507812,529.0543212890625
1779361300.609501,4.703604221343994,4.560291290283203,762.5342407226562,528.8720092773438
1779361300.614501,4.9314351081848145,4.7991461753845215,770.9658813476562,527.490234375
1779361300.619623,4.545592784881592,4.552941799163818,766.615966796875,530.568115234375
1779361300.629623,4.630110740661621,4.802821159362793,770.4334106445312,530.235595703125
1779361300.634623,4.586014270782471,4.6705322265625,772.1200561523438,530.7335205078125
1779361300.639623,4.578664779663086,4.9314351081848145,772.7943115234375,522.1741943359375
1779361300.644623,4.42800235748291,4.762399196624756,774.3391723632812,528.3409423828125
1779361300.649623,4.578664779663086,4.755050182342529,784.5701293945312,518.26123046875
1779361300.654623,4.475773334503174,4.920411109924316,785.4380493164062,527.1967163085938
1779361300.659623,4.733001708984375,4.791797161102295,793.1756591796875,518.9080200195312
1779361300.664623,4.54191780090332,4.611737251281738,767.3736572265625,530.283203125
1779361300.669623,4.5933637619018555,4.986555576324463,761.3355102539062,539.914306640625
1779361300.674623,4.497821807861328,4.733001708984375,760.478271484375,541.251220703125
1779361300.679623,4.971856594085693,5.052700042724609,763.3453979492188,535.8992919921875
1779361300.684623,4.630110740661621,4.960832595825195,768.9795532226562,509.1722717285156
1779361300.689623,4.597038269042969,4.688905715942383,767.4718627929688,518.5653686523438
1779361300.694623,4.6668572425842285,4.563966274261475,770.9484252929688,521.421875
1779361300.699634,4.703604221343994,5.008603572845459,782.9878540039062,519.2714233398438
1779361300.704634,4.703604221343994,4.681556224822998,772.3809204101562,531.0088500976562
1779361300.709623,4.409628868103027,4.505170822143555,773.937744140625,523.8998413085938
1779361300.714623,4.677881717681885,4.710953712463379,775.3587646484375,533.7196655273438
1779361300.719623,4.457399845123291,4.637459754943848,775.6181030273438,533.9580078125
1779361300.724623,4.703604221343994,4.788122177124023,757.2416381835938,532.405029296875
1779361300.729623,4.791797161102295,4.89836311340332,761.1282348632812,531.7120361328125
1779361300.734634,4.733001708984375,4.494146823883057,767.3894653320312,530.4100341796875
1779361300.739623,4.55661678314209,4.74035120010376,768.5199584960938,532.126953125
1779361300.744623,4.652158737182617,4.718303203582764,770.0526123046875,532.2596435546875
1779361300.754745,4.563966274261475,4.8689656257629395,777.9649658203125,523.2203369140625
1779361300.759745,4.758724689483643,4.971856594085693,779.3710327148438,518.8907470703125
1779361300.764745,4.611737251281738,4.755050182342529,765.5550537109375,532.186279296875
1779361300.769745,4.773423671722412,4.534568786621094,766.296875,529.7424926757812
1779361300.774745,4.608062267303467,4.835893154144287,766.8123168945312,530.088134765625
1779361300.779745,4.622761249542236,4.876314640045166,757.48876953125,533.2279052734375
1779361300.784756,4.766074180603027,4.468424320220947,802.4573974609375,500.9220886230469
1779361300.794745,4.545592784881592,4.821194648742676,788.76953125,517.463623046875
1779361300.799745,4.821194648742676,4.894688129425049,792.465576171875,522.9254760742188
1779361300.804745,4.7477006912231445,4.688905715942383,762.9300537109375,527.3778076171875
1779361300.809756,4.54191780090332,4.6705322265625,763.6862182617188,526.3164672851562
1779361300.814745,4.615411758422852,4.729327201843262,784.2694702148438,518.4869995117188
1779361300.819745,4.755050182342529,4.688905715942383,783.519775390625,521.0494384765625
1779361300.824745,4.571315288543701,4.699929714202881,778.7669677734375,524.2877197265625
1779361300.829745,4.843242645263672,4.615411758422852,784.2278442382812,525.4820556640625
1779361300.834745,4.755050182342529,4.468424320220947,763.6339111328125,538.534912109375
1779361300.839745,4.688905715942383,4.652158737182617,811.1806640625,492.74322509765625
1779361300.844745,4.54191780090332,4.530893802642822,805.0020751953125,506.595947265625
1779361300.854745,4.832218647003174,4.622761249542236,783.28515625,523.1422119140625
1779361300.859756,4.688905715942383,4.630110740661621,782.8079223632812,523.2401123046875
1779361300.864745,4.710953712463379,4.905712127685547,800.6685791015625,519.5162353515625
1779361300.869756,4.54191780090332,4.766074180603027,767.5423583984375,533.1687622070312
1779361300.874756,4.663182735443115,4.44270133972168,772.1864624023438,529.907470703125
1779361300.884867,4.861616134643555,4.850592136383057,755.5224609375,531.1551513671875
1779361300.889867,4.497821807861328,4.644809246063232,768.4820556640625,532.7152709960938
1779361300.894867,4.600712776184082,4.905712127685547,766.5652465820312,532.2554931640625
1779361300.899867,4.843242645263672,4.78444766998291,775.0167846679688,525.1812744140625
1779361300.904867,4.817519664764404,4.578664779663086,768.2805786132812,521.871337890625
1779361300.909878,4.600712776184082,4.578664779663086,760.5935668945312,525.322265625
1779361300.914867,4.350833892822266,4.758724689483643,763.7866821289062,525.8843994140625
1779361300.919867,4.54191780090332,4.699929714202881,764.6526489257812,527.3209228515625
1779361300.929867,4.707279205322266,4.6668572425842285,779.9368896484375,529.1256713867188
1779361300.934867,4.586014270782471,4.835893154144287,772.7387084960938,537.6693115234375
1779361300.939867,4.733001708984375,4.534568786621094,803.46435546875,537.67236328125
1779361300.944867,4.615411758422852,4.652158737182617,781.501220703125,539.536376953125
1779361300.949867,4.6705322265625,4.55661678314209,782.3070068359375,538.2420654296875
1779361300.954867,4.560291290283203,4.909387111663818,779.4389038085938,521.4857177734375
1779361300.959867,4.457399845123291,4.744025707244873,775.6915283203125,526.177490234375
1779361300.964867,4.622761249542236,4.993905067443848,790.9357299804688,510.6151123046875
1779361300.969867,4.586014270782471,4.824869155883789,762.1275024414062,535.0322265625
1779361300.974867,4.55661678314209,4.777098178863525,785.8673095703125,530.98828125
1779361300.979867,4.35818338394165,4.721977710723877,755.8781127929688,539.7286376953125
1779361300.984867,4.659508228302002,4.733001708984375,758.1314697265625,538.7884521484375
1779361300.989878,4.806495666503906,4.7991461753845215,757.9752197265625,539.059814453125
1779361300.994867,4.545592784881592,4.806495666503906,787.2523193359375,526.7034912109375
1779361300.999878,4.54191780090332,4.633785247802734,784.5863037109375,528.5037841796875
1779361301.004867,4.6558332443237305,4.865290641784668,781.6649169921875,528.0849609375
1779361301.009878,4.468424320220947,4.78444766998291,784.4246826171875,525.595703125
1779361301.014867,4.92408561706543,4.718303203582764,770.2704467773438,536.4345703125
1779361301.02,4.37288236618042,4.74035120010376,765.8818969726562,536.857666015625
1779361301.025001,4.835893154144287,4.938784599304199,778.61962890625,533.272216796875
1779361301.03,4.497821807861328,4.681556224822998,773.6011962890625,537.15576171875
1779361301.035001,4.416978359222412,4.6558332443237305,764.6863403320312,533.440185546875
1779361301.04,4.42800235748291,4.501496315002441,779.6292114257812,521.1205444335938
1779361301.045001,4.7366766929626465,4.637459754943848,787.7012329101562,525.2843017578125
1779361301.05,4.777098178863525,4.821194648742676,781.8667602539062,528.1636962890625
1779361301.055001,4.501496315002441,4.674206733703613,781.60791015625,530.9678955078125
1779361301.06,4.633785247802734,4.5933637619018555,779.4622192382812,530.75146484375
1779361301.065001,4.7366766929626465,4.828543663024902,771.7049560546875,532.673828125
1779361301.070001,4.824869155883789,4.887339115142822,783.2570190429688,533.4757080078125
1779361301.075001,4.633785247802734,4.703604221343994,775.7882690429688,528.048095703125
1779361301.080001,4.7991461753845215,5.063724040985107,757.0406494140625,533.6036987304688
1779361301.085001,4.6558332443237305,4.519869804382324,807.5335083007812,527.4666748046875
1779361301.090001,4.850592136383057,4.744025707244873,782.1607666015625,521.8980712890625
1779361301.095001,4.865290641784668,4.677881717681885,769.2220458984375,526.6524658203125
1779361301.100001,4.519869804382324,4.703604221343994,763.341552734375,533.270751953125
1779361301.105,4.894688129425049,4.843242645263672,762.9088745117188,534.320556640625
1779361301.110001,4.681556224822998,4.413303852081299,774.0489501953125,536.31005859375
1779361301.115,4.611737251281738,4.5933637619018555,776.5855102539062,537.3330078125
1779361301.120001,4.479448318481445,4.8910136222839355,768.4203491210938,540.9407958984375
1779361301.125,4.696254730224609,4.990230083465576,772.0383911132812,538.6956787109375
1779361301.130001,4.733001708984375,4.788122177124023,776.0712280273438,535.6217041015625
1779361301.135,4.839568138122559,4.777098178863525,773.9737548828125,536.277587890625
1779361301.140001,4.648483753204346,4.710953712463379,775.3064575195312,535.9857177734375
1779361301.145,4.688905715942383,4.424327850341797,781.05126953125,532.3095703125
1779361301.150001,4.611737251281738,4.677881717681885,790.6026000976562,519.326416015625
1779361301.155,5.049025058746338,4.725652694702148,792.4916381835938,518.7017822265625
1779361301.160123,4.431677341461182,4.615411758422852,777.6704711914062,520.7337646484375
1779361301.165123,4.6558332443237305,4.685230731964111,770.3355712890625,531.4554443359375
1779361301.170123,4.663182735443115,4.733001708984375,764.2161254882812,527.1806640625
1779361301.175123,4.821194648742676,4.578664779663086,764.8755493164062,529.536376953125
1779361301.180123,4.8101701736450195,4.78444766998291,750.5798950195312,529.983154296875
1779361301.185123,4.78444766998291,5.030652046203613,755.0653076171875,534.0794677734375
1779361301.190134,4.641134738922119,4.699929714202881,761.5684814453125,529.7407836914062
1779361301.195123,4.688905715942383,4.876314640045166,766.6304931640625,523.4320068359375
1779361301.200123,4.538243293762207,4.850592136383057,770.96484375,523.27294921875
1779361301.205123,4.600712776184082,4.659508228302002,778.2391357421875,531.66552734375
1779361301.210123,4.55661678314209,4.74035120010376,760.7402954101562,531.719970703125
1779361301.215123,4.6668572425842285,4.622761249542236,771.0819091796875,531.009765625
1779361301.220123,4.843242645263672,4.997579574584961,781.0606079101562,528.6321411132812
1779361301.230123,4.7366766929626465,4.821194648742676,784.6627807617188,527.8907470703125
1779361301.235123,4.4610748291015625,4.652158737182617,789.4843139648438,525.909423828125
1779361301.240123,4.828543663024902,4.718303203582764,768.6812133789062,535.240966796875
1779361301.245123,4.725652694702148,4.490472316741943,766.5380859375,527.2703857421875
1779361301.250123,4.589688777923584,4.457399845123291,761.7335205078125,540.484375
