timestamp,event_type,amplitude_px,duration_ms,mean_velocity
1785341571.096054,Saccade,370.92218017578125,105.121,3380.598876953125
1785341571.771676,Fixation,5.26561975479126,675.624,111.7115478515625
1785341571.861676,Saccade,292.3260803222656,90.001,3128.48681640625
1785341572.131932,Fixation,12.099873542785645,270.25,99.21696472167969
1785341572.161932,Saccade,41.1540412902832,30.0,1376.533447265625
1785341572.647432,Fixation,13.801582336425781,485.5,137.6936492919922
1785341572.727443,Saccade,277.6824951171875,80.014,3622.012939453125
1785341572.957676,Fixation,4.929088115692139,230.235,104.51386260986328
1785341573.042799,Saccade,276.090576171875,85.125,3273.34375
1785341573.933676,Fixation,8.256583213806152,890.875,95.62957000732422
1785341573.953676,Saccade,19.503665924072266,20.0,976.3452758789062
1785341574.338992,Fixation,2.9561269283294678,385.375,109.04251861572266
1785341574.358992,Saccade,16.47370147705078,20.0,827.6357421875
1785341574.514115,Fixation,9.3963623046875,155.125,144.47872924804688
1785341574.679237,Saccade,729.0198974609375,165.125,4348.6220703125
1785341574.959492,Fixation,25.744064331054688,280.25,159.1918182373047
1785341575.064615,Saccade,507.1072082519531,105.125,4641.77294921875
1785341575.29987,Fixation,8.252691268920898,235.25,133.4289093017578
1785341575.334881,Saccade,73.00179290771484,35.01,2090.130859375
1785341575.730237,Fixation,7.308928966522217,395.365,106.4499740600586
1785341575.775237,Saccade,74.52558898925781,45.0,1708.3394775390625
1785341576.100615,Fixation,11.60012149810791,325.375,127.32084655761719
1785341576.130626,Saccade,39.42192077636719,30.006,1317.1573486328125
1785341576.38587,Fixation,3.6151468753814697,255.253,108.3810806274414
1785341576.42087,Saccade,86.82916259765625,34.991,2187.18408203125
1785341576.711115,Fixation,2.466954231262207,290.25,103.56201934814453
1785341576.756126,Saccade,120.21772766113281,45.012,2689.47607421875
1785341577.096492,Fixation,7.396470069885254,340.363,142.76800537109375
1785341577.141014,Saccade,115.92581176757812,45.0,2579.20361328125
1785341577.471391,Fixation,17.89080810546875,330.375,159.580810546875
1785341577.521391,Saccade,66.2447509765625,50.0,1398.3902587890625
1785341577.691514,Fixation,11.94199275970459,170.125,219.39222717285156
1785341577.761636,Saccade,241.8018035888672,70.125,3290.74560546875
1785341577.931758,Fixation,4.739480495452881,170.125,184.0091094970703
1785341578.202013,Saccade,134.3372344970703,270.251,2703.279296875
1785341578.452258,Fixation,54.37804412841797,250.249,490.69287109375
1785341578.492269,Saccade,121.47129821777344,40.01,2864.7509765625
1785341579.618391,Fixation,26.342676162719727,1126.115,269.19378662109375
1785341579.683391,Saccade,73.94965362548828,65.0,1128.09716796875
1785341579.878514,Fixation,7.416788101196289,195.124,175.09193420410156
1785341579.928636,Saccade,95.78478240966797,50.125,2014.4951171875
1785341582.781079,Fixation,87.0685806274414,2852.625,155.16281127929688
1785341582.801101,Saccade,19.00848388671875,20.015,961.7264404296875
1785341585.1331,Fixation,34.33937454223633,2332.11,161.33023071289062
1785341585.163222,Saccade,28.899398803710938,30.125,993.2886962890625
1785341585.373355,Fixation,14.087368965148926,210.13,206.0917510986328
1785341585.428466,Saccade,67.7611312866211,55.12,1582.33154296875
1785341586.734721,Fixation,11.225030899047852,1306.124,199.8452911376953
1785341586.819855,Saccade,356.8377685546875,85.125,3544.562255859375
1785341588.166099,Fixation,174.35983276367188,1346.25,246.8196258544922
1785341588.446355,Saccade,91.69959259033203,280.25,3772.826904296875
1785341589.156977,Fixation,173.79397583007812,710.628,559.9136352539062
1785341589.211988,Saccade,131.83355712890625,55.007,2371.73828125
1785341589.482942,Fixation,15.198747634887695,270.365,215.0723114013672
1785341589.542942,Saccade,138.66903686523438,60.003,2191.9775390625
1785341589.868197,Fixation,18.646289825439453,325.26,228.4965362548828
1785341589.913308,Saccade,83.35039520263672,45.112,1706.78857421875
1785341590.298697,Fixation,6.670220851898193,385.382,179.57818603515625
1785341590.348686,Saccade,132.0364227294922,49.993,2653.43408203125
1785341592.485346,Fixation,18.185474395751953,2137.004,211.7240753173828
1785341592.520334,Saccade,67.12300109863281,34.995,1914.7633056640625
1785341593.055846,Fixation,12.387322425842285,535.506,164.2618408203125
1785341593.080835,Saccade,22.728261947631836,24.994,911.707275390625
1785341593.245957,Fixation,9.354330062866211,165.125,220.1947479248047
1785341593.28109,Saccade,99.90713500976562,35.125,2278.630859375
1785341594.201834,Fixation,34.526798248291016,920.75,202.3760986328125
1785341594.251968,Saccade,81.01070404052734,50.128,2071.213134765625
1785341594.42709,Fixation,17.324310302734375,175.122,253.177734375
1785341594.46209,Saccade,69.3221206665039,35.008,2061.72607421875
1785341595.943422,Fixation,27.474201202392578,1481.367,180.8770294189453
1785341595.978566,Saccade,48.552730560302734,35.14,1615.5682373046875
1785341596.388922,Fixation,7.951259136199951,410.36,194.85443115234375
1785341596.408922,Saccade,20.30095672607422,20.0,979.4014282226562
1785341596.859299,Fixation,23.973119735717773,450.375,191.59422302246094
1785341596.8943,Saccade,60.74134063720703,34.999,1628.862548828125
1785341597.369799,Fixation,7.364431858062744,475.5,207.98211669921875
1785341597.474922,Saccade,343.43896484375,105.126,3324.3212890625
1785341597.554922,Fixation,23.666641235351562,79.999,375.193115234375
1785341597.579922,Saccade,17.803749084472656,25.0,899.1478881835938
1785341597.850177,Fixation,22.21033477783203,270.25,220.1484375
1785341597.960299,Saccade,342.3876953125,110.125,3339.5126953125
1785341598.220555,Fixation,40.9127197265625,260.25,281.3736267089844
1785341598.255555,Saccade,41.94046401977539,35.0,1436.81298828125
1785341600.99335,Fixation,84.91072845458984,2737.625,245.33267211914062
1785341601.06335,Saccade,116.25704193115234,70.0,1664.3104248046875
1785341601.208472,Fixation,7.549270153045654,145.125,176.48817443847656
1785341601.243472,Saccade,124.63014221191406,35.004,3129.45703125
1785341601.518257,Fixation,20.786548614501953,275.371,200.7738800048828
1785341601.643257,Saccade,399.6788330078125,125.0,3196.02197265625
1785341602.509135,Fixation,17.926673889160156,865.879,140.23448181152344
1785341602.544124,Saccade,66.96927642822266,34.995,1958.2828369140625
1785341602.73438,Fixation,15.086527824401855,190.25,155.1500701904297
1785341602.814391,Saccade,291.86553955078125,80.006,3698.50537109375
1785341603.014624,Fixation,17.107772827148438,200.244,165.6180419921875
1785341603.039624,Saccade,30.88103485107422,25.0,1252.2259521484375
1785341603.31488,Fixation,7.201945781707764,275.25,155.6310272216797
1785341603.415024,Saccade,389.6752014160156,100.14,3899.10986328125
1785341604.140624,Fixation,1.711815357208252,725.61,156.56997680664062
1785341604.160624,Saccade,20.054397583007812,20.0,993.0870361328125
1785341604.44588,Fixation,15.21889591217041,285.25,134.60980224609375
1785341604.48631,Saccade,73.45147705078125,40.0,1845.5462646484375
1785341604.91181,Fixation,8.761719703674316,425.5,139.25625610351562
1785341604.94181,Saccade,38.204803466796875,30.004,1293.754638671875
1785341605.332188,Fixation,2.697482109069824,390.371,121.9915542602539
1785341605.417188,Saccade,306.88983154296875,85.0,3654.65380859375
1785341605.722566,Fixation,12.57366943359375,305.384,155.97076416015625
1785341605.747577,Saccade,51.36336898803711,25.004,1493.3951416015625
1785341605.842555,Fixation,10.032547950744629,94.987,190.82936096191406
1785341606.217933,Saccade,26.686538696289062,375.375,3812.77685546875
1785341606.383055,Fixation,48.258750915527344,165.125,424.6315612792969
1785341606.413188,Saccade,45.3990478515625,30.128,1559.236328125
1785341606.743433,Fixation,59.18169403076172,330.247,362.15277099609375
1785341606.903555,Saccade,24.04344367980957,160.124,1437.4842529296875
1785341606.978688,Fixation,10.089778900146484,75.126,462.81646728515625
1785341607.058699,Saccade,121.1578140258789,80.013,1683.564453125
1785341607.16381,Fixation,34.69559860229492,105.112,429.6788024902344
1785341607.354055,Saccade,102.39075469970703,190.249,1373.920654296875
1785341607.593981,Fixation,8.191832542419434,240.126,221.55459594726562
1785341607.719103,Saccade,82.8664779663086,125.124,1278.1373291015625
1785341607.924347,Fixation,19.003236770629883,205.25,331.1130676269531
1785341607.964347,Saccade,45.829978942871094,40.0,1348.043701171875
1785341608.089481,Fixation,5.933781623840332,125.125,355.0917053222656
1785341608.444847,Saccade,380.73828125,355.375,2162.921630859375
1785341608.770103,Fixation,7.82200813293457,325.25,183.90145874023438
1785341608.810103,Saccade,79.62630462646484,40.002,1943.7244873046875
1785341609.185481,Fixation,66.97407531738281,375.373,271.6184387207031
1785341609.230603,Saccade,127.83204650878906,45.125,2750.28076171875
1785341609.760981,Fixation,213.70248413085938,530.38,360.36126708984375
1785341609.791103,Saccade,37.968055725097656,30.12,1261.065673828125
1785341610.051347,Fixation,117.83892822265625,260.25,353.2391662597656
1785341610.146347,Saccade,222.0860595703125,95.0,3800.807861328125
1785341610.606961,Fixation,66.04375457763672,460.5,311.8014831542969
1785341610.701961,Saccade,300.1491394042969,95.001,3348.19384765625
1785341611.172461,Fixation,9.040450096130371,470.499,169.1090850830078
1785341611.247472,Saccade,305.12908935546875,75.008,3714.600341796875
1785341611.462716,Fixation,68.67129516601562,215.242,405.01953125
1785341611.507716,Saccade,142.1478271484375,45.0,3330.55712890625
1785341612.218483,Fixation,10.776893615722656,710.764,187.2843780517578
1785341612.338472,Saccade,437.3481750488281,119.991,3883.477294921875
1785341612.693839,Fixation,16.40276336669922,355.37,139.25523376464844
1785341612.803972,Saccade,441.2022705078125,110.135,4244.791015625
1785341614.250879,Fixation,41.43812561035156,1446.371,158.43162536621094
1785341614.350879,Saccade,412.17529296875,100.0,3989.46484375
1785341614.651245,Fixation,6.06964111328125,300.368,204.05413818359375
1785341614.691245,Saccade,84.6056137084961,40.0,1972.3056640625
1785341614.98649,Fixation,42.07676696777344,295.25,216.74868774414062
1785341615.02649,Saccade,86.92626953125,40.002,2184.354248046875
1785341615.226745,Fixation,7.877183437347412,200.248,179.70428466796875
1785341615.256757,Saccade,37.900447845458984,30.01,1279.63330078125
1785341615.662123,Fixation,6.309950828552246,405.365,129.18368530273438
1785341615.702123,Saccade,89.8189697265625,40.0,2260.34912109375
1785341616.07749,Fixation,0.5523441433906555,375.375,151.05221557617188
1785341616.097501,Saccade,23.126163482666016,20.004,932.4971313476562
1785341616.452868,Fixation,12.683879852294922,355.371,168.80075073242188
1785341616.487868,Saccade,73.3219985961914,35.0,2108.143798828125
1785341617.22298,Fixation,151.17626953125,735.75,254.7861328125
1785341617.26798,Saccade,133.6486358642578,45.0,2944.115234375
1785341618.138724,Fixation,90.43994140625,870.75,264.3778076171875
1785341618.178846,Saccade,73.13555908203125,40.125,2064.597412109375
1785341618.454102,Fixation,117.1797103881836,275.25,392.2181091308594
1785341618.484102,Saccade,43.871822357177734,30.0,1684.2177734375
1785341618.759346,Fixation,138.47323608398438,275.25,462.2159118652344
1785341618.784346,Saccade,41.24874496459961,24.999,1553.8028564453125
1785341619.169724,Fixation,179.82009887695312,385.375,502.386474609375
1785341619.254857,Saccade,333.49627685546875,85.132,3852.74169921875
1785341619.740653,Fixation,87.55496215820312,485.369,267.1977233886719
1785341619.770653,Saccade,40.025901794433594,29.999,1283.0670166015625
1785341619.945909,Fixation,24.194053649902344,175.259,270.8163757324219
1785341619.985898,Saccade,72.58378601074219,39.991,2273.18115234375
1785341620.141031,Fixation,41.39494323730469,155.125,308.54083251953125
1785341620.201153,Saccade,164.08082580566406,60.125,2780.508056640625
1785341620.386276,Fixation,21.290184020996094,185.125,315.33221435546875
1785341620.511398,Saccade,460.1761169433594,125.125,3824.394775390625
1785341620.681531,Fixation,58.27354049682617,170.125,348.6580505371094
1785341620.716531,Saccade,63.675804138183594,35.0,2154.732666015625
1785341620.946775,Fixation,31.077138900756836,230.25,275.55938720703125
1785341620.986787,Saccade,53.14945983886719,40.007,1512.28125
1785341621.847653,Fixation,46.78669738769531,860.868,196.03228759765625
1785341621.892653,Saccade,51.9023551940918,45.0,1446.453369140625
1785341622.202898,Fixation,18.358800888061523,310.25,168.20339965820312
1785341622.238031,Saccade,39.620269775390625,35.125,1220.502197265625
1785341622.498276,Fixation,9.17780876159668,260.25,184.6691131591797
1785341622.632802,Saccade,580.4102783203125,135.125,4073.264892578125
1785341622.777936,Fixation,31.810422897338867,145.125,268.7722473144531
1785341622.812936,Saccade,62.651004791259766,35.005,1817.9388427734375
1785341623.518558,Fixation,32.7858772277832,705.62,370.45867919921875
1785341623.60368,Saccade,17.737367630004883,85.125,1197.483154296875
1785341623.853936,Fixation,11.976822853088379,250.253,430.0597229003906
1785341623.994058,Saccade,90.44023895263672,140.122,1163.96826171875
1785341624.099058,Fixation,3.5464158058166504,105.0,331.0965270996094
1785341624.17918,Saccade,238.7294158935547,80.125,3775.192138671875
1785341624.409436,Fixation,99.41250610351562,230.255,417.372802734375
1785341624.449436,Saccade,96.37734985351562,39.995,2586.608154296875
1785341624.844813,Fixation,69.98489379882812,395.384,202.73797607421875
1785341624.934936,Saccade,389.3556213378906,90.115,3785.018798828125
1785341625.370313,Fixation,21.25904655456543,435.379,180.52523803710938
1785341625.395302,Saccade,31.981061935424805,24.996,1262.16357421875
1785341625.600558,Fixation,3.83320951461792,205.25,201.14822387695312
1785341625.695962,Saccade,348.6500244140625,95.0,3952.966552734375
1785341626.226462,Fixation,10.028546333312988,530.505,151.02883911132812
1785341626.476707,Saccade,52.729393005371094,250.245,1245.0386962890625
1785341627.247462,Fixation,30.67530632019043,770.75,179.2089385986328
1785341627.272462,Saccade,59.55098342895508,25.0,1716.447998046875
1785341627.462584,Fixation,7.289830684661865,190.125,129.72410583496094
1785341627.547718,Saccade,138.8917236328125,85.129,2355.818603515625
1785341629.434091,Fixation,0.5591835379600525,1886.749,143.52268981933594
1785341629.554213,Saccade,446.0965881347656,120.122,3929.85498046875
1785341630.219846,Fixation,17.062498092651367,665.635,160.5833740234375
1785341630.324969,Saccade,455.36224365234375,105.115,4064.105224609375
1785341631.636091,Fixation,35.18083190917969,1311.124,153.11781311035156
1785341631.686213,Saccade,150.55471801757812,50.125,3015.62890625
1785341632.267285,Fixation,2.806122303009033,580.5,111.4303970336914
1785341632.357407,Saccade,331.6995849609375,90.125,3505.706787109375
1785341632.827785,Fixation,12.316901206970215,470.375,131.85533142089844
1785341632.937907,Saccade,416.4280090332031,110.125,3917.054931640625
1785341633.468407,Fixation,14.874279022216797,530.5,245.86094665527344
1785341633.518407,Saccade,148.97317504882812,50.0,3051.7861328125
1785341633.738662,Fixation,32.28803253173828,220.25,246.02874755859375
1785341633.758662,Saccade,17.34319305419922,20.0,854.7440185546875
1785341635.054287,Fixation,22.967636108398438,1296.25,142.02059936523438
1785341635.139287,Saccade,252.1033477783203,85.0,3215.80224609375
1785341635.454543,Fixation,14.40785026550293,315.25,167.71559143066406
1785341635.479665,Saccade,36.2496337890625,25.125,1227.0274658203125
1785341635.779921,Fixation,23.984729766845703,300.25,161.8953094482422
1785341635.829921,Saccade,84.58772277832031,50.0,1982.340087890625
1785341636.180288,Fixation,2.247434377670288,350.374,152.95213317871094
1785341636.31541,Saccade,375.7344970703125,135.125,3473.61376953125
1785341636.505543,Fixation,16.54342269897461,190.133,255.95167541503906
1785341636.555665,Saccade,112.1510238647461,50.117,2165.696533203125
1785341637.211165,Fixation,5.161476135253906,655.505,163.89324951171875
1785341637.516543,Saccade,6.247127532958984,305.37,3612.4267578125
1785341637.601543,Fixation,8.361950874328613,85.0,378.9647521972656
1785341637.616543,Saccade,12.077157974243164,15.0,821.8025512695312
1785341639.60433,Fixation,5.1174492835998535,1986.875,148.16653442382812
1785341639.694463,Saccade,259.60125732421875,90.125,2759.944091796875
1785341639.819586,Fixation,7.008866786956787,125.125,168.21231079101562
1785341639.864586,Saccade,148.54592895507812,45.0,2965.100830078125
1785341640.019708,Fixation,8.615262985229492,155.125,165.6073760986328
1785341640.054708,Saccade,59.02097702026367,35.0,1695.923828125
1785341640.62033,Fixation,6.667303562164307,565.625,134.95501708984375
1785341640.740463,Saccade,454.6883544921875,120.125,3623.61279296875
1785341641.104744,Fixation,26.1187801361084,365.25,239.90904235839844
1785341641.119744,Saccade,12.955272674560547,15.0,845.724365234375
1785341642.300866,Fixation,7.621881008148193,1181.125,135.95143127441406
1785341642.340866,Saccade,109.88726043701172,40.0,2455.149169921875
1785341642.571122,Fixation,6.4393630027771,230.249,171.82504272460938
1785341642.671244,Saccade,319.4136962890625,100.125,3393.199462890625
1785341643.216744,Fixation,29.39950942993164,545.5,163.46653747558594
1785341643.326866,Saccade,428.76727294921875,110.125,3877.5
1785341643.617122,Fixation,16.227014541625977,290.25,254.84776306152344
1785341643.642122,Saccade,21.868066787719727,25.0,888.6942138671875
1785341645.038556,Fixation,26.70585823059082,1396.258,145.9456787109375
1785341645.148678,Saccade,401.57989501953125,110.117,3848.037109375
1785341645.413922,Fixation,12.020490646362305,265.25,150.03732299804688
1785341645.448933,Saccade,118.94752502441406,35.007,2981.69189453125
1785341645.629178,Fixation,22.353836059570312,180.243,245.0646514892578
1785341645.669178,Saccade,88.94136810302734,40.008,2217.4072265625
1785341646.004422,Fixation,5.0239033699035645,335.242,157.22251892089844
1785341646.114544,Saccade,414.8759765625,110.125,3819.294921875
1785341646.3848,Fixation,9.912492752075195,270.25,191.8165283203125
1785341646.4098,Saccade,20.530967712402344,25.0,1017.9035034179688
1785341647.391508,Fixation,20.531850814819336,981.0,153.42724609375
1785341647.426519,Saccade,28.84946060180664,35.008,979.3063354492188
1785341647.821886,Fixation,16.968238830566406,395.367,224.5347442626953
1785341647.861886,Saccade,83.94041442871094,40.0,2102.554443359375
1785341648.057131,Fixation,4.707076072692871,195.25,155.8565216064453
1785341648.157131,Saccade,377.8363037109375,100.0,3998.47802734375
1785341648.682631,Fixation,68.2637710571289,525.504,153.98606872558594
1785341648.747753,Saccade,136.82351684570312,65.121,2149.85498046875
1785341648.977875,Fixation,48.85678482055664,230.124,356.34716796875
1785341649.013008,Saccade,46.38652801513672,35.13,1893.0511474609375
1785341650.003875,Fixation,438.392333984375,990.87,327.2469482421875
1785341650.033753,Saccade,40.16460418701172,30.011,1390.9068603515625
1785341650.709375,Fixation,228.00875854492188,675.614,280.5137023925781
1785341650.824497,Saccade,277.96075439453125,115.128,3053.0107421875
1785341651.179875,Fixation,111.758056640625,355.372,411.2176513671875
1785341651.224875,Saccade,57.199886322021484,45.0,2327.406494140625
1785341652.796375,Fixation,112.29615020751953,1571.5,201.69837951660156
1785341652.851375,Saccade,166.49899291992188,55.0,3355.5283203125
1785341653.186105,Fixation,57.97480010986328,335.261,236.4710693359375
1785341653.241227,Saccade,156.3474884033203,55.124,3004.285400390625
1785341654.187094,Fixation,36.860687255859375,945.865,176.13677978515625
1785341654.222105,Saccade,69.90382385253906,35.005,1649.1815185546875
1785341654.447349,Fixation,8.169445037841797,225.245,168.7211456298828
1785341654.492349,Saccade,82.26675415039062,44.999,2040.8271484375
1785341654.937849,Fixation,10.498250007629395,445.5,148.190185546875
1785341655.037849,Saccade,297.2273254394531,100.001,3222.16943359375
1785341655.358216,Fixation,7.3848490715026855,320.374,159.08482360839844
1785341655.383216,Saccade,29.673927307128906,25.0,1186.4521484375
1785341655.758594,Fixation,5.243156909942627,375.375,174.66864013671875
1785341655.848594,Saccade,328.9331359863281,90.0,3913.94580078125
1785341656.359282,Fixation,24.111417770385742,510.5,164.69432067871094
1785341656.379282,Saccade,17.7386417388916,20.0,898.9931640625
1785341657.905659,Fixation,39.20848846435547,1526.375,158.6085662841797
1785341658.38116,Saccade,326.41351318359375,475.5,3348.076904296875
1785341658.536282,Fixation,22.330402374267578,155.125,328.2758483886719
1785341658.561282,Saccade,26.602252960205078,25.0,1060.4248046875
1785341658.97666,Fixation,5.321362018585205,415.375,145.85032653808594
1785341659.086782,Saccade,283.179443359375,110.125,2675.468017578125
1785341659.267067,Fixation,21.256135940551758,180.25,210.593994140625
1785341659.342067,Saccade,240.16896057128906,75.0,3079.5
1785341659.482189,Fixation,14.412166595458984,140.125,230.19778442382812
1785341659.562311,Saccade,315.5916442871094,80.125,4271.1162109375
1785341660.718323,Fixation,10.347874641418457,1156.013,171.185302734375
1785341660.763445,Saccade,75.81136322021484,45.118,1550.226318359375
1785341661.038689,Fixation,9.759578704833984,275.248,150.99990844726562
1785341661.073689,Saccade,82.1501235961914,34.995,2065.46240234375
1785341661.313934,Fixation,12.974088668823242,240.25,204.2711181640625
1785341661.779311,Saccade,308.2654724121094,465.379,2131.29736328125
1785341662.259792,Fixation,14.37714672088623,480.496,242.552001953125
1785341662.344792,Saccade,344.0920104980469,85.0,4076.846435546875
1785341664.101414,Fixation,66.45000457763672,1756.625,155.15237426757812
1785341664.426792,Saccade,78.63276672363281,325.375,3814.073486328125
1785341664.91717,Fixation,51.23511505126953,490.375,354.31695556640625
1785341665.007292,Saccade,326.96954345703125,90.125,3638.12744140625
1785341665.42238,Fixation,56.50282287597656,415.38,177.70620727539062
1785341665.45238,Saccade,33.85218811035156,29.995,1122.613525390625
1785341665.637625,Fixation,12.088468551635742,185.249,184.7780303955078
1785341666.053013,Saccade,379.5135803222656,415.386,2689.3603515625
1785341666.49338,Fixation,31.360063552856445,440.368,262.0525207519531
1785341666.53838,Saccade,102.73979949951172,44.997,2309.907470703125
1785341666.883758,Fixation,24.60250473022461,345.383,225.89822387695312
1785341666.948747,Saccade,63.03354263305664,64.991,1752.2828369140625
1785341667.819624,Fixation,20.983505249023438,870.875,197.1533660888672
1785341667.929747,Saccade,125.80377960205078,110.125,1284.5029296875
1785341668.05488,Fixation,28.04524803161621,125.125,498.8348388671875
1785341668.580761,Saccade,124.54472351074219,525.375,3520.2333984375
1785341670.017139,Fixation,64.20411682128906,1436.375,186.52699279785156
1785341670.797895,Saccade,30.917354583740234,780.749,2236.466552734375
1785341670.913017,Fixation,22.00947380065918,115.125,369.5467224121094
1785341671.663847,Saccade,35.292816162109375,750.625,2801.35791015625
1785341671.76898,Fixation,24.909343719482422,105.127,318.8201599121094
1785341671.788969,Saccade,16.565053939819336,19.998,826.1234130859375
1785341671.879102,Fixation,18.431028366088867,90.13,525.728271484375
1785341671.974225,Saccade,322.5249328613281,95.12,3528.08935546875
1785341672.314469,Fixation,21.567670822143555,340.25,228.23594665527344
1785341672.564736,Saccade,344.6878662109375,250.263,5738.77294921875
1785341672.814969,Fixation,5.866000175476074,250.237,190.73162841796875
1785341672.849969,Saccade,50.24176025390625,35.0,1454.9493408203125
1785341674.246224,Fixation,30.048233032226562,1396.25,211.65478515625
1785341674.976381,Saccade,41.80979919433594,730.75,2887.167724609375
1785341675.226636,Fixation,39.096736907958984,250.25,364.2875061035156
1785341675.782136,Saccade,94.5932388305664,555.5,2750.545166015625
1785341675.927259,Fixation,22.85355567932129,145.125,439.35174560546875
1785341676.467759,Saccade,121.7793960571289,540.5,2358.047119140625
1785341676.853137,Fixation,10.196221351623535,385.374,432.9871826171875
1785341676.933136,Saccade,254.03475952148438,80.001,3193.5
1785341677.313514,Fixation,2.0298523902893066,380.375,205.6665802001953
1785341677.88927,Saccade,243.47959899902344,575.499,4868.9658203125
1785341679.160514,Fixation,48.60008239746094,1271.255,189.33999633789062
1785341679.575892,Saccade,83.38768768310547,415.37,2699.20361328125
1785341679.665892,Fixation,11.946699142456055,90.0,450.944580078125
1785341679.866137,Saccade,19.767566680908203,200.25,1286.27685546875
1785341679.98127,Fixation,16.650373458862305,115.125,450.31854248046875
1785341681.042548,Saccade,346.5300598144531,1061.0,1989.0484619140625
1785341681.222671,Fixation,6.3229146003723145,180.125,261.5979919433594
1785341681.247671,Saccade,28.964200973510742,25.0,1177.7213134765625
1785341681.633048,Fixation,9.287193298339844,385.375,150.845458984375
1785341681.668048,Saccade,49.72172164916992,35.0,1435.5958251953125
1785341681.833171,Fixation,4.734057426452637,165.125,154.94737243652344
1785341681.858293,Saccade,38.417449951171875,25.125,1182.5140380859375
1785341682.243548,Fixation,18.556901931762695,385.25,170.27996826171875
1785341682.308671,Saccade,119.01823425292969,65.129,1859.95263671875
1785341682.478793,Fixation,12.911033630371094,170.121,198.6575164794922
1785341682.518915,Saccade,92.9584732055664,40.125,2098.702392578125
1785341683.679133,Fixation,43.12203598022461,1160.999,173.17306518554688
1785341683.754266,Saccade,258.76800537109375,75.126,3241.4267578125
1785341683.984388,Fixation,14.074464797973633,230.124,193.64732360839844
1785341684.054511,Saccade,237.82745361328125,70.129,3135.546142578125
1785341684.319755,Fixation,16.660762786865234,265.246,238.52073669433594
1785341684.424888,Saccade,338.5626220703125,105.125,3582.861328125
1785341684.750133,Fixation,2.5910491943359375,325.25,242.6978759765625
1785341684.770133,Saccade,18.60684585571289,20.0,938.1821899414062
1785341685.065388,Fixation,19.780885696411133,295.256,260.5884704589844
1785341685.090511,Saccade,17.957176208496094,25.125,895.41748046875
1785341685.235633,Fixation,36.902931213378906,145.119,363.30291748046875
1785341685.280633,Saccade,41.78617858886719,45.0,1382.15478515625
1785341685.620888,Fixation,16.588327407836914,340.25,264.3417663574219
1785341685.641011,Saccade,21.369606018066406,20.125,991.0648803710938
1785341685.821133,Fixation,32.45986557006836,180.125,293.7328796386719
1785341686.196511,Saccade,110.15355682373047,375.375,3126.468017578125
1785341686.29651,Fixation,25.512893676757812,100.0,437.8046569824219
1785341686.446777,Saccade,152.6584014892578,150.262,2052.135498046875
1785341686.802501,Fixation,70.67853546142578,355.238,394.3893737792969
1785341686.922623,Saccade,116.57086181640625,120.125,1689.01708984375
1785341687.067746,Fixation,10.991077423095703,145.125,475.34356689453125
1785341687.117879,Saccade,24.365304946899414,50.13,1141.4942626953125
1785341687.222879,Fixation,20.416154861450195,104.995,454.75396728515625
1785341687.843501,Saccade,36.528499603271484,620.625,2966.240234375
1785341688.038623,Fixation,11.92497444152832,195.125,492.96795654296875
1785341688.053623,Saccade,19.037302017211914,15.0,932.2735595703125
1785341688.664246,Fixation,8.474071502685547,610.625,312.7597961425781
1785341689.044623,Saccade,116.15807342529297,380.374,3322.885009765625
1785341689.129623,Fixation,13.961316108703613,85.0,492.4891662597656
1785341689.379879,Saccade,230.15077209472656,250.25,2365.817626953125
1785341689.644782,Fixation,14.992002487182617,265.25,288.7022705078125
1785341689.950037,Saccade,96.76778411865234,305.25,3377.9365234375
1785341690.025159,Fixation,7.126707553863525,75.125,278.9512634277344
1785341690.375537,Saccade,30.55031394958496,350.375,3416.047119140625
1785341691.366404,Fixation,27.006254196166992,990.875,257.5710144042969
1785341691.396415,Saccade,77.75773620605469,30.004,2281.556396484375
1785341691.656659,Fixation,16.769378662109375,260.25,290.4593200683594
1785341691.69167,Saccade,69.3094711303711,35.004,1979.5478515625
1785341691.906904,Fixation,30.50381088256836,215.242,293.025146484375
1785341691.951904,Saccade,67.0638427734375,45.0,1674.4193115234375
1785341692.352282,Fixation,14.082470893859863,400.375,185.83123779296875
1785341692.377281,Saccade,51.597713470458984,25.0,1568.08203125
1785341692.632652,Fixation,27.641016006469727,255.25,280.3448486328125
1785341692.672775,Saccade,70.73515319824219,40.125,1658.673583984375
1785341692.797897,Fixation,9.991518020629883,125.125,363.04827880859375
1785341693.798774,Saccade,340.4458923339844,1000.874,2620.46826171875
1785341694.319274,Fixation,11.784472465515137,520.5,221.46633911132812
1785341694.404286,Saccade,346.2580261230469,85.01,3829.901611328125
1785341695.195019,Fixation,4.586181163787842,790.74,224.5173797607422
1785341695.220041,Saccade,38.905330657958984,25.014,1293.8955078125
1785341695.355152,Fixation,37.58167266845703,135.121,398.01416015625
1785341695.716002,Saccade,310.3036193847656,360.371,2661.74658203125
1785341696.13638,Fixation,13.763633728027344,420.38,274.4592590332031
1785341696.221492,Saccade,333.5799865722656,85.114,3585.553955078125
1785341696.566747,Fixation,49.79291534423828,345.25,305.0094909667969
1785341696.601869,Saccade,45.14624786376953,35.125,1306.8565673828125
1785341700.054686,Fixation,88.23375701904297,3453.124,232.242431640625
1785341700.364942,Saccade,147.59754943847656,310.25,3396.59619140625
1785341700.445064,Fixation,15.247533798217773,80.125,432.4167175292969
1785341700.515186,Saccade,46.69169998168945,70.125,1170.728515625
1785341700.660309,Fixation,23.346126556396484,145.125,483.4512634277344
1785341700.830442,Saccade,66.27376556396484,170.13,1118.82177734375
1785341700.980564,Fixation,18.87337303161621,150.12,356.4109802246094
1785341701.010564,Saccade,41.37321472167969,30.0,1262.705322265625
1785341701.175697,Fixation,18.63693618774414,165.136,480.4222717285156
1785341701.195808,Saccade,21.68499755859375,20.114,951.5743408203125
1785341701.385942,Fixation,5.609301567077637,190.125,415.3775329589844
1785341701.420942,Saccade,51.445674896240234,35.002,1471.2532958984375
1785341701.891692,Fixation,1.9546992778778076,470.498,363.1099548339844
1785341701.926703,Saccade,48.40607452392578,35.011,1540.2606201171875
1785341702.422192,Fixation,40.633487701416016,495.489,357.1968688964844
1785341702.442192,Saccade,22.479066848754883,20.0,1040.086181640625
1785341702.642326,Fixation,15.22266674041748,200.134,320.83941650390625
1785341702.667315,Saccade,31.365388870239258,24.991,1005.6709594726562
1785341702.982692,Fixation,18.244895935058594,315.38,343.1915283203125
1785341703.032692,Saccade,108.44111633300781,50.002,2137.724853515625
1785341703.332937,Fixation,11.492311477661133,300.243,302.5164489746094
1785341703.423059,Saccade,92.6110610961914,90.125,1644.7269287109375
1785341704.183815,Fixation,3.072662591934204,760.75,349.67791748046875
1785341704.203815,Saccade,22.535058975219727,20.004,900.534912109375
1785341704.474081,Fixation,14.942333221435547,270.259,375.1523742675781
1785341704.504059,Saccade,27.451536178588867,29.987,992.64013671875
1785341704.914097,Fixation,18.101713180541992,410.375,362.0797424316406
1785341704.929097,Saccade,18.051416397094727,15.0,893.2785034179688
1785341706.820853,Fixation,25.746849060058594,1891.749,350.56719970703125
1785341707.446475,Saccade,17.456851959228516,625.631,2755.564453125
1785341707.937181,Fixation,15.774559020996094,490.369,405.4144287109375
1785341707.992303,Saccade,54.78400421142578,55.125,936.614501953125
1785341708.132425,Fixation,27.442062377929688,140.125,319.3132019042969
1785341708.197425,Saccade,201.02072143554688,65.0,3203.887939453125
1785341708.332548,Fixation,37.67686080932617,135.125,272.7129211425781
1785341708.557803,Saccade,684.2720336914062,225.25,3135.124267578125
1785341708.858048,Fixation,19.03927230834961,300.25,167.14425659179688
1785341708.938181,Saccade,272.7453308105469,80.125,3436.514404296875
1785341709.473681,Fixation,21.382139205932617,535.5,115.74114990234375
1785341709.508681,Saccade,55.19907760620117,35.0,1384.379638671875
1785341709.713925,Fixation,6.372496128082275,205.25,124.82548522949219
1785341709.874048,Saccade,809.8931274414062,160.125,5092.439453125
1785341710.119303,Fixation,14.918341636657715,245.25,208.1555633544922
1785341710.174303,Saccade,92.15248107910156,55.0,1890.47607421875
1785341710.294425,Fixation,8.745697975158691,120.125,186.46083068847656
1785341710.529681,Saccade,345.8703918457031,235.25,4113.64208984375
1785341710.634681,Fixation,39.39811325073242,105.0,484.9662780761719
1785341710.669803,Saccade,30.264278411865234,35.13,998.46044921875
1785341712.455706,Fixation,23.661640167236328,1786.624,169.51412963867188
1785341712.495706,Saccade,37.64276123046875,40.0,1108.2642822265625
1785341712.715962,Fixation,3.6212716102600098,220.245,255.86770629882812
1785341712.750962,Saccade,47.58328628540039,35.007,1585.967529296875
1785341713.356584,Fixation,26.42523956298828,605.618,164.28704833984375
1785341713.406584,Saccade,105.53035736083984,50.0,2297.91259765625
1785341714.157826,Fixation,7.98529052734375,750.626,279.89459228515625
1785341714.222948,Saccade,107.54183959960938,65.124,1692.8927001953125
1785341714.948581,Fixation,19.481420516967773,725.629,191.26065063476562
1785341715.003704,Saccade,159.0072479248047,55.121,2905.013916015625
1785341715.449081,Fixation,12.270276069641113,445.375,139.6173095703125
1785341715.494081,Saccade,139.345458984375,45.0,2853.36376953125
1785341715.769326,Fixation,28.77113151550293,275.25,239.126220703125
1785341715.794459,Saccade,24.463586807250977,25.136,1000.5177612304688
1785341716.490081,Fixation,21.249980926513672,695.625,182.70545959472656
1785341716.510081,Saccade,17.596742630004883,19.989,909.8555908203125
1785341716.800326,Fixation,22.191444396972656,290.25,237.0791778564453
1785341717.28058,Saccade,7.220456123352051,480.5,2734.008544921875
1785341718.176335,Fixation,35.21308135986328,895.75,243.54074096679688
1785341718.216335,Saccade,41.49601364135742,40.005,1199.1866455078125
1785341718.351457,Fixation,5.639614105224609,135.119,208.5306854248047
1785341718.381579,Saccade,45.293853759765625,30.125,1306.189453125
1785341718.846968,Fixation,20.503522872924805,465.388,187.216064453125
1785341719.232324,Saccade,56.80495834350586,385.362,3029.041015625
1785341721.028863,Fixation,68.89286804199219,1796.625,354.6540832519531
1785341721.604497,Saccade,34.802490234375,575.636,3110.957763671875
1785341723.245956,Fixation,32.854557037353516,1641.489,309.7571716308594
1785341723.265956,Saccade,17.98587417602539,20.004,892.8536987304688
1785341723.42609,Fixation,11.237862586975098,160.128,303.94244384765625
1785341724.191834,Saccade,98.77473449707031,765.742,2278.6044921875
1785341724.281834,Fixation,15.567765235900879,90.0,464.7021179199219
1785341724.381956,Saccade,51.992008209228516,100.125,1193.5692138671875
1785341724.507079,Fixation,20.172922134399414,125.125,434.0716857910156
1785341724.52709,Saccade,16.91410255432129,20.007,1058.7572021484375
1785341724.672201,Fixation,18.406641006469727,145.118,447.31719970703125
1785341724.692212,Saccade,9.654332160949707,20.01,1263.9527587890625
1785341725.052579,Fixation,32.46699523925781,360.365,388.0689392089844
1785341725.217701,Saccade,64.4398193359375,165.125,1090.1068115234375
1785341725.382834,Fixation,3.3689966201782227,165.132,314.8257751464844
1785341725.437956,Saccade,24.745006561279297,55.118,1025.88623046875
1785341726.048776,Fixation,17.989059448242188,610.5,180.2840576171875
1785341726.178899,Saccade,142.91636657714844,130.125,2200.575439453125
1785341726.349154,Fixation,44.38267517089844,170.25,371.43359375
1785341726.63941,Saccade,99.39592742919922,290.257,1565.4666748046875
1785341726.729399,Fixation,7.620306015014648,89.993,484.7974853515625
1785341726.794521,Saccade,21.87578582763672,65.125,1132.7310791015625
1785341727.019776,Fixation,17.540935516357422,225.25,447.8167419433594
1785341727.029776,Saccade,10.229269981384277,10.004,938.0654907226562
1785341727.209899,Fixation,16.47404670715332,180.121,358.67547607421875
1785341727.234899,Saccade,18.39453125,25.0,1052.704833984375
1785341727.885521,Fixation,18.158540725708008,650.625,438.30218505859375
1785341727.905521,Saccade,25.085336685180664,20.0,1202.141845703125
1785341728.050654,Fixation,2.23995041847229,145.125,339.3757019042969
1785341728.100776,Saccade,12.869535446166992,50.125,1069.11376953125
1785341728.360899,Fixation,27.482223510742188,260.129,454.3135986328125
1785341728.381021,Saccade,21.261783599853516,20.121,1183.178466796875
1785341728.576154,Fixation,5.059804439544678,195.125,366.7059326171875
1785341728.636276,Saccade,37.546844482421875,60.125,1122.736083984375
1785341728.871399,Fixation,10.141830444335938,235.125,391.3147888183594
1785341729.29217,Saccade,113.34668731689453,420.374,2760.7353515625
1785341729.692537,Fixation,28.973730087280273,400.375,410.5486755371094
1785341729.74267,Saccade,16.588808059692383,50.132,1085.9754638671875
1785341730.017915,Fixation,19.768285751342773,275.243,383.04046630859375
1785341730.072915,Saccade,5.036093711853027,55.001,1100.672607421875
1785341730.148037,Fixation,4.626588344573975,75.124,411.652587890625
1785341730.26317,Saccade,155.80633544921875,115.125,1961.5233154296875
1785341730.423304,Fixation,8.706748008728027,160.131,398.30853271484375
1785341730.473293,Saccade,161.4976348876953,49.994,2536.504638671875
1785341730.608415,Fixation,6.932095050811768,135.125,400.8039245605469
1785341730.623415,Saccade,19.06363296508789,15.0,1038.606689453125
1785341730.778537,Fixation,10.14136028289795,155.125,438.1240539550781
1785341730.798548,Saccade,19.014177322387695,20.005,1180.5982666015625
1785341730.89367,Fixation,4.3876566886901855,95.12,363.7270202636719
1785341730.938792,Saccade,1.693937063217163,45.125,1178.768310546875
1785341731.068915,Fixation,14.54699993133545,130.125,423.4307861328125
1785341731.093915,Saccade,27.469282150268555,25.0,1060.0789794921875
1785341731.178915,Fixation,11.819772720336914,85.0,494.946533203125
1785341731.219037,Saccade,93.05182647705078,40.125,1927.025390625
1785341731.604292,Fixation,22.89010238647461,385.25,403.1906433105469
1785341731.709415,Saccade,220.7490234375,105.125,2598.240966796875
1785341731.919681,Fixation,7.682670593261719,210.259,387.01568603515625
1785341732.084481,Saccade,175.12046813964844,165.116,2100.8818359375
1785341732.179603,Fixation,26.522682189941406,95.125,322.85723876953125
1785341732.209603,Saccade,75.77669525146484,30.0,2192.500732421875
1785341732.785103,Fixation,15.321304321289062,575.5,237.34344482421875
1785341732.870225,Saccade,374.23687744140625,85.125,3988.977294921875
1785341733.155481,Fixation,7.056728839874268,285.25,229.31646728515625
1785341733.180481,Saccade,26.35269546508789,25.0,1064.115234375
1785341733.590859,Fixation,20.3510684967041,410.379,259.44708251953125
1785341734.386614,Saccade,141.79769897460938,795.75,2418.785400390625
1785341734.461725,Fixation,4.50547981262207,75.12,455.21771240234375
1785341734.601859,Saccade,43.46354675292969,140.134,1396.590576171875
1785341734.826981,Fixation,34.100284576416016,225.116,442.5541687011719
1785341734.907103,Saccade,18.9158935546875,80.125,1051.990478515625
1785341734.997236,Fixation,11.137298583984375,90.136,459.2820739746094
1785341735.191848,Saccade,56.5656623840332,195.123,1228.984375
1785341735.35197,Fixation,7.4819111824035645,160.116,397.5827331542969
1785341735.37197,Saccade,20.95808219909668,20.0,1207.97412109375
1785341735.447092,Fixation,26.86018943786621,75.125,434.9047546386719
1785341735.527092,Saccade,26.47475814819336,80.0,1275.4620361328125
1785341735.642215,Fixation,39.99176788330078,115.125,526.5432739257812
1785341735.777348,Saccade,39.54530715942383,135.125,1232.2479248046875
1785341736.007592,Fixation,7.985080718994141,230.25,453.89190673828125
1785341736.042603,Saccade,44.86669158935547,35.007,1389.3338623046875
1785341736.192715,Fixation,38.254642486572266,150.118,602.6060791015625
1785341736.212848,Saccade,26.21072006225586,20.125,1398.9403076171875
1785341736.43297,Fixation,22.250797271728516,220.125,582.8458862304688
1785341736.98847,Saccade,72.07550811767578,555.5,2482.799072265625
1785341737.063592,Fixation,18.476625442504883,75.125,474.4288024902344
1785341737.083592,Saccade,29.40967559814453,20.0,1293.58056640625
1785341737.253715,Fixation,30.072574615478516,170.125,445.9822692871094
1785341737.308848,Saccade,23.214126586914062,55.125,1175.6649169921875
1785341737.48897,Fixation,55.119415283203125,180.13,461.0364990234375
1785341737.584104,Saccade,1.8238455057144165,95.13,1132.9967041015625
1785341737.729226,Fixation,5.058712959289551,145.127,446.4569396972656
1785341737.934348,Saccade,169.0968017578125,205.113,1976.107666015625
1785341738.03947,Fixation,9.622081756591797,105.129,408.54620361328125
1785341738.08447,Saccade,104.9497299194336,44.996,1892.662841796875
1785341738.314621,Fixation,18.019134521484375,230.25,438.41229248046875
1785341738.329621,Saccade,21.886240005493164,15.0,1049.499755859375
1785341738.880121,Fixation,26.051795959472656,550.5,457.156005859375
1785341738.895121,Saccade,21.671403884887695,15.0,987.5592041015625
1785341739.000266,Fixation,26.148916244506836,105.137,505.6500244140625
1785341739.165377,Saccade,105.99201965332031,165.113,1264.092041015625
1785341739.390633,Fixation,23.322280883789062,225.254,468.39154052734375
1785341739.455632,Saccade,28.019079208374023,65.006,933.1729125976562
1785341739.550755,Fixation,13.82291316986084,95.115,288.0889587402344
1785341739.735999,Saccade,342.2408447265625,185.25,2631.550048828125
1785341740.066255,Fixation,62.42169952392578,330.249,340.887451171875
1785341740.206377,Saccade,313.6389465332031,140.125,3047.596923828125
1785341740.516633,Fixation,11.484326362609863,310.254,460.37744140625
1785341740.546755,Saccade,27.10694694519043,30.121,1335.387939453125
1785341740.751877,Fixation,31.593883514404297,205.125,464.610595703125
1785341740.781877,Saccade,37.825103759765625,30.0,1167.100341796875
1785341741.202218,Fixation,25.463010787963867,420.375,399.81732177734375
1785341741.22234,Saccade,23.63125991821289,20.13,1046.6107177734375
1785341741.417463,Fixation,20.629899978637695,195.12,457.8953552246094
1785341741.457463,Saccade,12.904784202575684,40.0,1083.2742919921875
1785341741.547585,Fixation,35.16425323486328,90.125,469.5624694824219
1785341741.577585,Saccade,28.407516479492188,30.0,1158.1851806640625
1785341741.667718,Fixation,2.9773805141448975,90.125,496.42486572265625
1785341741.737718,Saccade,52.37130355834961,70.005,1133.8270263671875
1785341742.33334,Fixation,6.723050594329834,595.62,400.9712829589844
1785341742.95384,Saccade,48.94990539550781,620.5,2430.188232421875
1785341743.023973,Fixation,6.842281341552734,70.137,351.6988220214844
1785341743.083962,Saccade,9.52475357055664,59.988,1000.2457275390625
1785341743.249218,Fixation,13.791901588439941,165.25,422.1634521484375
1785341743.269218,Saccade,16.763643264770508,20.004,927.3220825195312
1785341743.47934,Fixation,8.377050399780273,210.121,398.4117736816406
1785341743.534474,Saccade,11.992542266845703,55.132,1180.25830078125
1785341743.789718,Fixation,8.963239669799805,255.243,410.83953857421875
1785341743.869718,Saccade,90.76433563232422,80.004,1829.35546875
1785341743.95484,Fixation,27.97505760192871,85.125,328.0589599609375
1785341743.97484,Saccade,21.02295684814453,19.996,992.7682495117188
1785341744.331151,Fixation,72.23688507080078,355.375,432.08746337890625
1785341744.486273,Saccade,13.190049171447754,155.131,1288.8118896484375
1785341744.596395,Fixation,17.73366928100586,110.119,418.04638671875
1785341744.906651,Saccade,206.66552734375,310.25,2369.235107421875
1785341745.026773,Fixation,0.87025386095047,120.132,294.3924255371094
1785341745.071773,Saccade,95.47295379638672,44.993,2138.885009765625
1785341745.567284,Fixation,2.43253755569458,495.51,143.20538330078125
1785341745.657273,Saccade,385.497802734375,89.99,3870.455810546875
1785341745.992651,Fixation,5.12684440612793,335.383,119.61329650878906
1785341746.087773,Saccade,402.8754577636719,95.117,4305.18701171875
1785341747.873603,Fixation,34.613121032714844,1786.624,146.26773071289062
1785341747.963603,Saccade,416.24835205078125,90.0,4643.439453125
1785341748.313981,Fixation,7.821713447570801,350.375,193.6963653564453
1785341748.404103,Saccade,326.64447021484375,90.125,3646.61083984375
1785341748.609226,Fixation,3.1465983390808105,205.125,135.37232971191406
1785341748.699348,Saccade,321.6421203613281,90.125,3815.493408203125
1785341748.969615,Fixation,16.845539093017578,270.26,173.0054473876953
1785341749.059726,Saccade,364.0643310546875,90.115,4004.963623046875
1785341749.319848,Fixation,19.492055892944336,260.125,233.4649658203125
1785341749.359981,Saccade,80.99076080322266,40.125,1811.475341796875
1785341750.185726,Fixation,28.300662994384766,825.75,216.1406707763672
1785341750.586905,Saccade,32.261653900146484,400.379,3455.86572265625
1785341751.773027,Fixation,15.587889671325684,1186.123,275.997802734375
1785341752.103294,Saccade,65.05046081542969,330.257,3455.490478515625
1785341752.273405,Fixation,51.98920440673828,170.115,476.19097900390625
1785341752.303538,Saccade,59.025943756103516,30.13,1545.227294921875
1785341752.483649,Fixation,24.355268478393555,180.12,381.4014892578125
1785341752.643783,Saccade,318.9415283203125,160.125,2964.6220703125
1785341752.904038,Fixation,24.06318473815918,260.255,235.68637084960938
1785341752.959038,Saccade,134.60382080078125,55.0,2559.21337890625
1785341753.229283,Fixation,25.425373077392578,270.245,211.71612548828125
1785341753.244294,Saccade,21.350534439086914,15.01,1059.6590576171875
1785341753.509195,Fixation,2.128556966781616,265.24,187.6055908203125
1785341753.564329,Saccade,96.33686828613281,55.129,1783.7606201171875
1785341753.989695,Fixation,17.876441955566406,425.371,207.0390625
1785341754.054706,Saccade,151.15640258789062,65.009,2356.955078125
1785341755.220818,Fixation,23.36559295654297,1166.116,175.04425048828125
1785341755.295951,Saccade,149.5016632080078,75.125,2094.686279296875
1785341755.781317,Fixation,33.67799758911133,485.375,191.547119140625
1785341755.816451,Saccade,66.815673828125,35.125,1904.72705078125
1785341756.176695,Fixation,1.477521538734436,360.25,174.81951904296875
1785341756.532381,Saccade,50.859439849853516,355.375,3616.286376953125
1785341757.188003,Fixation,278.44024658203125,655.624,391.8399353027344
1785341757.208003,Saccade,23.0166072845459,20.0,1112.4942626953125
1785341757.438259,Fixation,27.309978485107422,230.25,180.92396545410156
1785341757.483259,Saccade,110.21100616455078,45.0,2350.995361328125
1785341757.653381,Fixation,16.31691551208496,170.125,328.6001281738281
1785341757.673381,Saccade,22.864728927612305,20.0,1288.6475830078125
1785341758.274003,Fixation,161.1692657470703,600.625,378.35321044921875
1785341758.319003,Saccade,62.26152420043945,45.0,1521.5831298828125
1785341759.579347,Fixation,149.4518585205078,1261.135,263.481689453125
1785341759.609469,Saccade,50.75448989868164,30.115,1453.66064453125
1785341760.315091,Fixation,65.23085021972656,705.625,249.5878448486328
1785341760.355091,Saccade,86.75642395019531,40.0,2197.75341796875
1785341761.941591,Fixation,58.88102340698242,1586.499,308.44482421875
1785341762.051713,Saccade,354.7441711425781,110.125,2839.295166015625
1785341762.341958,Fixation,69.51355743408203,290.25,378.1798400878906
1785341762.457091,Saccade,116.68709564208984,115.126,2520.840087890625
1785341762.647102,Fixation,37.7138557434082,190.124,508.0713806152344
1785341762.692102,Saccade,95.13796997070312,45.0,2020.1881103515625
1785341762.797224,Fixation,24.93552017211914,105.125,383.94598388671875
1785341762.832224,Saccade,144.3734588623047,35.0,3010.072998046875
1785341763.08748,Fixation,9.84756088256836,255.25,378.1695251464844
1785341763.142613,Saccade,125.10794830322266,55.133,2359.171875
1785341763.372724,Fixation,2.194875955581665,230.118,295.13116455078125
1785341763.407846,Saccade,66.50025177001953,35.124,1659.727783203125
1785341763.803236,Fixation,10.480676651000977,395.379,284.55230712890625
1785341763.873224,Saccade,151.3695068359375,69.996,2626.190185546875
1785341764.053347,Fixation,15.477560997009277,180.125,306.4412841796875
1785341764.248602,Saccade,87.45317840576172,195.253,1439.5382080078125
1785341764.338613,Fixation,36.59217071533203,90.013,465.1886291503906
1785341764.468847,Saccade,63.7000617980957,130.234,1912.771728515625
1785341765.23448,Fixation,48.34339904785156,765.625,344.6475830078125
1785341765.319602,Saccade,195.6737060546875,85.125,2930.838623046875
1785341765.62022,Fixation,55.22315979003906,300.258,400.4548034667969
1785341765.640209,Saccade,24.715303421020508,19.992,1088.99169921875
1785341766.085587,Fixation,23.857526779174805,445.378,244.92478942871094
1785341766.596087,Saccade,53.8228874206543,510.497,3584.13916015625
1785341766.906465,Fixation,29.279115676879883,310.375,400.4406433105469
1785341766.936465,Saccade,32.70140075683594,30.0,1139.9637451171875
1785341767.687098,Fixation,8.67904281616211,750.632,399.6973571777344
1785341767.837209,Saccade,146.95510864257812,150.117,1793.593994140625
1785341767.917342,Fixation,15.806060791015625,80.125,383.3016052246094
1785341767.932343,Saccade,18.46111488342285,15.0,1022.0153198242188
1785341768.052465,Fixation,18.506717681884766,120.13,450.4610595703125
1785341768.632657,Saccade,164.77224731445312,580.507,2915.505859375
1785341768.87289,Fixation,19.724838256835938,240.238,377.52392578125
1785341768.90789,Saccade,61.549808502197266,35.0,1668.564453125
1785341769.013024,Fixation,35.67009735107422,105.125,365.355712890625
1785341769.37839,Saccade,31.93507957458496,365.375,1494.114990234375
1785341769.633646,Fixation,15.78913688659668,255.257,435.7655944824219
1785341770.249146,Saccade,191.28846740722656,615.493,1637.53369140625
1785341770.394268,Fixation,11.696630477905273,145.125,554.4608764648438
1785341770.669523,Saccade,199.4848175048828,275.25,1432.7779541015625
1785341770.884768,Fixation,42.2038688659668,215.25,461.4488830566406
1785341771.405268,Saccade,24.786256790161133,520.5,2719.54296875
1785341771.50039,Fixation,25.02821159362793,95.125,448.7169494628906
1785341771.685601,Saccade,41.269893646240234,185.141,1258.522705078125
1785341772.150956,Fixation,19.47178840637207,465.359,442.9258117675781
1785341772.421212,Saccade,60.088558197021484,270.25,3983.647705078125
1785341774.493212,Fixation,28.446632385253906,2071.999,198.71278381347656
1785341775.734304,Saccade,97.16886901855469,1241.125,1833.874755859375
1785341775.919426,Fixation,38.72479248046875,185.125,510.4086608886719
1785341775.934438,Saccade,17.266374588012695,15.005,1030.205078125
1785341776.129682,Fixation,33.0246467590332,195.245,473.60577392578125
1785341776.885304,Saccade,241.3757781982422,755.625,2086.40966796875
1785341777.185682,Fixation,50.005558013916016,300.38,334.89306640625
1785341777.220682,Saccade,47.741783142089844,34.999,1667.8846435546875
1785341777.300682,Fixation,14.968636512756348,79.999,357.1656188964844
1785341777.370804,Saccade,273.6061096191406,70.122,3284.99609375
1785341777.59606,Fixation,25.114946365356445,225.25,334.3846435546875
1785341777.62661,Saccade,33.687225341796875,30.0,1147.4722900390625
1785341778.74261,Fixation,7.665397644042969,1116.0,345.45098876953125
1785341779.513354,Saccade,250.3677215576172,770.749,2764.62158203125
1785341780.419099,Fixation,54.22264099121094,905.75,221.24343872070312
1785341780.519232,Saccade,295.7298583984375,100.125,2994.797607421875
1785341780.764749,Fixation,44.58455276489258,245.252,311.8589782714844
1785341780.81976,Saccade,109.36775970458984,55.003,2087.648193359375
1785341781.205127,Fixation,34.20112228393555,385.37,267.5613098144531
1785341781.270249,Saccade,171.35389709472656,65.125,2554.186767578125
1785341781.580505,Fixation,48.871681213378906,310.25,229.58477783203125
1785341782.040883,Saccade,203.44232177734375,460.379,1659.1834716796875
1785341782.126005,Fixation,30.496543884277344,85.121,546.810546875
1785341782.166005,Saccade,65.24162292480469,40.0,1216.1741943359375
1785341782.286127,Fixation,7.106433391571045,120.125,475.71502685546875
1785341782.841627,Saccade,209.1672821044922,555.5,2970.706298828125
1785341783.602371,Fixation,27.70665740966797,760.75,248.71690368652344
1785341783.637371,Saccade,36.8194465637207,35.0,1219.7347412109375
1785341785.964479,Fixation,32.70041275024414,2327.124,259.2174072265625
1785341785.984601,Saccade,21.67909812927246,20.125,1083.612548828125
1785341786.499979,Fixation,6.385429382324219,515.375,280.56243896484375
1785341786.525101,Saccade,23.247722625732422,25.125,932.5369262695312
1785341786.804699,Fixation,7.484178066253662,280.25,277.5572814941406
1785341786.879699,Saccade,195.30975341796875,75.0,2450.3876953125
1785341787.190077,Fixation,40.38961410522461,310.377,376.1339111328125
1785341787.260077,Saccade,42.35759353637695,69.998,1632.3541259765625
1785341787.805588,Fixation,47.23883819580078,545.511,277.8394775390625
1785341787.855577,Saccade,158.12493896484375,49.989,2783.407470703125
1785341788.691454,Fixation,44.98884582519531,835.875,203.7085723876953
1785341788.756454,Saccade,167.4600372314453,65.0,2492.794677734375
1785341789.351965,Fixation,35.846099853515625,595.51,231.251220703125
1785341789.392077,Saccade,134.1656951904297,40.115,2816.696533203125
1785341789.772619,Fixation,22.582082748413086,380.374,216.27928161621094
1785341789.822619,Saccade,139.50267028808594,50.005,2488.0927734375
1785341790.728485,Fixation,103.06396484375,905.87,239.1766815185547
1785341790.748485,Saccade,20.749998092651367,20.0,1135.50244140625
1785341792.194874,Fixation,101.5453109741211,1446.379,280.79498291015625
1785341792.389997,Saccade,128.63108825683594,195.124,3332.957763671875
1785341792.575119,Fixation,55.32060623168945,185.122,546.058349609375
1785341792.600241,Saccade,31.615930557250977,25.125,1289.9461669921875
1785341793.011025,Fixation,87.37792205810547,410.375,365.90289306640625
1785341793.031025,Saccade,17.47783851623535,20.0,929.5155639648438
1785341794.092026,Fixation,10.441176414489746,1061.0,331.7904968261719
1785341794.172025,Saccade,77.30150604248047,80.0,1753.3585205078125
1785341794.337148,Fixation,16.56757926940918,165.129,367.8892517089844
1785341794.497392,Saccade,279.7111511230469,160.246,3522.574951171875
1785341794.642525,Fixation,44.73572540283203,145.125,534.4580688476562
1785341794.762648,Saccade,123.06910705566406,120.125,1610.0360107421875
1785341794.92277,Fixation,60.3118896484375,160.125,658.8587036132812
1785341794.94777,Saccade,22.654953002929688,25.0,1318.8475341796875
1785341795.193025,Fixation,103.78082275390625,245.25,443.5091552734375
1785341795.413148,Saccade,161.80276489257812,220.126,1886.4095458984375
1785341795.623392,Fixation,32.53293991088867,210.248,231.87815856933594
1785341795.663392,Saccade,84.60114288330078,40.0,1959.26806640625
1785341796.062966,Fixation,21.556190490722656,400.375,239.69195556640625
1785341796.102966,Saccade,65.82072448730469,40.001,1661.3138427734375
1785341796.318222,Fixation,10.192129135131836,215.249,235.29180908203125
1785341796.358222,Saccade,110.887451171875,40.0,2564.209716796875
1785341796.608466,Fixation,8.846552848815918,250.25,240.66114807128906
1785341796.653599,Saccade,85.46673583984375,45.131,1889.4835205078125
1785341796.828722,Fixation,8.905923843383789,175.119,220.1796875
1785341796.898721,Saccade,273.64556884765625,70.0,3777.923583984375
1785341797.409221,Fixation,28.46906280517578,510.5,239.7767333984375
1785341797.489355,Saccade,322.6202697753906,80.137,3951.421630859375
1785341797.704477,Fixation,33.422630310058594,215.118,388.4190368652344
1785341797.734588,Saccade,29.709362030029297,30.12,1197.57275390625
1785341798.450222,Fixation,12.040040016174316,715.625,357.2693786621094
1785341798.480222,Saccade,29.828535079956055,30.0,964.4329833984375
1785341798.655344,Fixation,13.132699966430664,175.125,415.7035827636719
1785341798.685466,Saccade,43.91865921020508,30.125,1350.9632568359375
1785341798.935815,Fixation,6.572997093200684,250.125,332.470947265625
1785341799.030948,Saccade,197.81748962402344,95.133,3697.34912109375
1785341799.346193,Fixation,11.552592277526855,315.242,229.54278564453125
1785341799.381315,Saccade,104.69828033447266,35.125,2424.538330078125
1785341799.591448,Fixation,17.223800659179688,210.125,341.5610656738281
1785341799.64657,Saccade,127.13017272949219,55.125,2692.43408203125
1785341799.73657,Fixation,19.310226440429688,90.0,353.0083923339844
1785341799.771693,Saccade,19.239622116088867,35.125,954.0201416015625
1785341799.871693,Fixation,14.761961936950684,100.0,487.762451171875
1785341799.921815,Saccade,145.383056640625,50.125,2471.075439453125
1785341800.77757,Fixation,19.91852569580078,855.75,234.99920654296875
1785341800.80757,Saccade,34.85793685913086,29.999,1168.144775390625
1785341801.112948,Fixation,13.584768295288086,305.375,210.1822509765625
1785341801.478193,Saccade,102.18297576904297,365.25,3560.61376953125
1785341801.553315,Fixation,21.97052764892578,75.125,498.2840576171875
1785341801.733448,Saccade,265.9210205078125,180.125,2785.6484375
1785341804.585983,Fixation,28.45232582092285,2852.625,155.98841857910156
1785341804.676105,Saccade,326.94293212890625,90.125,3455.174072265625
1785341804.9667,Fixation,13.546138763427734,290.25,170.88685607910156
1785341805.0067,Saccade,134.96853637695312,40.0,3377.740478515625
1785341805.622322,Fixation,51.58762741088867,615.625,202.21348571777344
1785341805.727445,Saccade,387.3129577636719,105.125,3589.816650390625
1785341806.0527,Fixation,8.797064781188965,325.25,163.83291625976562
1785341806.1077,Saccade,148.45127868652344,55.004,2851.79296875
1785341806.362945,Fixation,3.161196708679199,255.246,199.86781311035156
1785341806.413067,Saccade,169.3574981689453,50.125,2872.903076171875
1785341806.768322,Fixation,10.705546379089355,355.25,156.76214599609375
1785341806.808445,Saccade,122.46802520751953,40.129,2738.329345703125
1785341807.023567,Fixation,4.3627214431762695,215.123,183.760009765625
1785341807.043567,Saccade,19.849647521972656,19.997,995.5782470703125
1785341807.253822,Fixation,7.68560791015625,210.25,176.49717712402344
1785341807.308822,Saccade,177.1441192626953,55.0,3232.829345703125
1785341807.554067,Fixation,11.00092887878418,245.251,179.51112365722656
1785341807.599067,Saccade,120.2830581665039,45.0,2698.89453125
1785341807.809322,Fixation,11.587163925170898,210.249,190.05191040039062
1785341807.854478,Saccade,155.0186767578125,45.0,2951.5439453125
1785341808.895478,Fixation,43.53669357299805,1041.0,153.001953125
1785341808.9956,Saccade,312.09283447265625,100.125,3039.333740234375
1785341809.130722,Fixation,15.039831161499023,135.125,296.5965881347656
1785341809.160722,Saccade,39.80146408081055,30.0,1367.13916015625
1785341809.405978,Fixation,21.189979553222656,245.25,344.8350524902344
1785341809.661222,Saccade,39.294464111328125,255.25,1485.5732421875
1785341810.206722,Fixation,28.639053344726562,545.5,400.58917236328125
1785341810.231722,Saccade,23.748044967651367,25.0,1114.1668701171875
1785341810.326844,Fixation,7.829020023345947,95.125,382.0085144042969
1785341810.411844,Saccade,330.2065734863281,85.0,3735.989990234375
1785341814.715305,Fixation,39.763858795166016,4304.004,128.4040985107422
1785341814.780428,Saccade,251.9695281982422,65.12,4254.30615234375
1785341815.085672,Fixation,14.45969295501709,305.25,186.44065856933594
1785341815.125683,Saccade,68.69396209716797,40.005,1719.444091796875
1785341815.686172,Fixation,14.424976348876953,560.495,145.53872680664062
1785341815.771294,Saccade,148.6800994873047,85.125,1852.069580078125
1785341815.946439,Fixation,17.813840866088867,175.135,208.17588806152344
1785341816.00655,Saccade,152.79335021972656,60.119,2564.582763671875
1785341816.456928,Fixation,16.756906509399414,450.371,159.01869201660156
1785341816.65205,Saccade,363.4743347167969,195.125,2890.812744140625
1785341816.872294,Fixation,12.571425437927246,220.25,176.75379943847656
1785341816.897294,Saccade,25.595672607421875,25.0,1025.879638671875
1785341817.208469,Fixation,34.67772674560547,310.375,147.69113159179688
1785341817.578724,Saccade,17.545623779296875,370.25,3450.18896484375
1785341817.788969,Fixation,12.877008438110352,210.25,366.51654052734375
1785341818.259347,Saccade,26.75191879272461,470.375,2495.885986328125
1785341818.759847,Fixation,13.044258117675781,500.499,153.04151916503906
1785341819.245347,Saccade,11.318401336669922,485.5,3996.398681640625
1785341819.685724,Fixation,19.566373825073242,440.375,178.56922912597656
1785341820.015991,Saccade,12.007173538208008,330.25,2725.920654296875
1785341820.461491,Fixation,34.84098815917969,445.5,283.0414123535156
1785341820.546491,Saccade,301.55096435546875,85.0,3594.4111328125
1785341821.132002,Fixation,6.827465534210205,585.511,164.83633422851562
1785341821.157113,Saccade,26.459171295166016,25.114,1070.342041015625
1785341821.242113,Fixation,7.778804302215576,85.0,247.06167602539062
1785341821.347247,Saccade,410.3258056640625,105.125,3837.393310546875
1785341821.597491,Fixation,13.8592529296875,250.25,173.91500854492188
1785341821.627491,Saccade,91.58235168457031,30.0,2645.95263671875
1785341822.077991,Fixation,8.503201484680176,450.5,186.36985778808594
1785341822.102991,Saccade,31.26152992248535,25.0,1245.4285888671875
1785341823.433424,Fixation,8.338557243347168,1331.25,196.70359802246094
1785341823.468425,Saccade,66.36030578613281,35.0,1646.658203125
1785341823.683547,Fixation,16.46596336364746,215.125,188.4850616455078
1785341823.738669,Saccade,75.5816421508789,55.128,1680.9869384765625
1785341823.938802,Fixation,1.7299563884735107,200.128,234.24839782714844
1785341823.958791,Saccade,22.224365234375,19.994,1083.4912109375
1785341824.639413,Fixation,38.555667877197266,680.624,166.68881225585938
1785341824.659547,Saccade,21.57867431640625,20.125,1036.77978515625
1785341825.965669,Fixation,9.5469970703125,1306.125,148.0072784423828
1785341826.000836,Saccade,64.66242980957031,35.131,1639.332763671875
1785341826.331081,Fixation,9.640191078186035,330.244,193.68650817871094
1785341826.371081,Saccade,79.07658386230469,40.0,2002.13232421875
1785341826.571336,Fixation,47.99216842651367,200.254,351.30596923828125
1785341826.616325,Saccade,138.6024932861328,44.996,2623.335693359375
1785341826.996703,Fixation,50.48063659667969,380.375,209.73709106445312
1785341827.011703,Saccade,17.16783332824707,15.0,1074.9853515625
1785341827.502203,Fixation,13.793318748474121,490.5,182.58026123046875
1785341828.007592,Saccade,34.96156692504883,505.389,3171.79833984375
1785341829.254228,Fixation,14.130403518676758,1246.236,281.6782531738281
1785341829.354228,Saccade,284.6346435546875,99.999,2615.63330078125
1785341829.49935,Fixation,30.474102020263672,145.125,331.8197937011719
1785341829.559484,Saccade,227.96734619140625,60.125,3341.84619140625
1785341829.844728,Fixation,22.4271297454834,285.25,233.65866088867188
1785341829.96985,Saccade,419.6296691894531,125.125,3746.4326171875
1785341830.345228,Fixation,17.96124267578125,375.375,200.18348693847656
1785341830.385228,Saccade,67.08208465576172,40.0,1814.6607666015625
1785341830.54535,Fixation,18.63185691833496,160.125,335.20281982421875
1785341830.660484,Saccade,425.3139953613281,115.125,3674.768310546875
1785341831.281106,Fixation,22.31340980529785,620.625,183.9578399658203
1785341831.311106,Saccade,36.047943115234375,30.006,1203.45556640625
1785341831.60135,Fixation,14.207456588745117,290.244,198.3921661376953
1785341831.721483,Saccade,405.17413330078125,120.125,3562.627685546875
1785341831.966728,Fixation,14.037327766418457,245.25,253.9496612548828
1785341832.006728,Saccade,160.73536682128906,40.0,3575.1796875
1785341832.377115,Fixation,31.759124755859375,370.375,187.9871826171875
1785341832.437115,Saccade,208.37953186035156,60.0,3513.19921875
1785341832.552238,Fixation,8.745478630065918,115.125,212.00225830078125
1785341832.61226,Saccade,225.30897521972656,60.016,3866.859375
1785341833.037738,Fixation,25.780651092529297,425.484,164.98036193847656
1785341833.478116,Saccade,7.426451206207275,440.38,4588.875
1785341834.35886,Fixation,10.263622283935547,880.745,156.1784210205078
1785341834.398993,Saccade,60.48476791381836,40.125,1530.1143798828125
1785341834.529115,Fixation,15.529263496398926,130.125,246.97250366210938
1785341834.724238,Saccade,153.48861694335938,195.125,1364.007080078125
1785341834.869371,Fixation,42.658260345458984,145.133,396.76617431640625
1785341835.204957,Saccade,174.0412139892578,335.371,3347.21923828125
1785341839.758323,Fixation,81.93327331542969,4554.12,140.8372039794922
1785341839.813457,Saccade,144.25198364257812,55.125,2404.658203125
1785341840.559079,Fixation,4.2240309715271,745.625,124.95430755615234
1785341840.639212,Saccade,337.5001220703125,80.132,3990.280517578125
1785341840.934457,Fixation,7.741092681884766,295.243,162.71119689941406
1785341840.964457,Saccade,42.60945129394531,30.0,1422.310302734375
1785341841.339805,Fixation,64.78072357177734,375.374,180.33480834960938
1785341841.409805,Saccade,194.83750915527344,70.001,2626.88134765625
1785341841.850305,Fixation,38.44586181640625,440.499,184.6729278564453
1785341841.925305,Saccade,289.10052490234375,75.003,3478.593017578125
1785341842.115561,Fixation,14.166728019714355,190.247,186.7803955078125
1785341842.170561,Saccade,160.29502868652344,55.0,2933.19873046875
1785341842.641061,Fixation,9.861266136169434,470.5,147.0546417236328
1785341842.676061,Saccade,67.1775894165039,35.005,1900.07958984375
1785341842.936305,Fixation,10.873939514160156,260.245,148.04306030273438
1785341842.976305,Saccade,100.17021179199219,40.0,2525.90771484375
1785341843.186561,Fixation,4.531155109405518,210.25,176.27723693847656
1785341843.271561,Saccade,307.3138427734375,85.0,3667.342529296875
1785341843.551805,Fixation,13.298893928527832,280.25,186.4260711669922
1785341843.58695,Saccade,82.8943862915039,35.137,2110.94482421875
1785341843.972183,Fixation,64.42671203613281,385.238,218.90847778320312
1785341844.032305,Saccade,89.7553939819336,60.125,1457.2972412109375
1785341844.112305,Fixation,19.314783096313477,80.0,333.0018310546875
1785341844.152427,Saccade,63.109859466552734,40.125,1820.7294921875
1785341845.143888,Fixation,245.10662841796875,990.875,285.01922607421875
1785341845.25401,Saccade,329.219970703125,110.125,3364.97900390625
1785341845.649388,Fixation,124.58446502685547,395.375,270.9896240234375
1785341845.684388,Saccade,69.40860748291016,35.0,2450.42919921875
1785341846.525143,Fixation,19.99223518371582,840.75,265.0159912109375
1785341847.090643,Saccade,97.50114440917969,565.5,2443.68115234375
1785341847.210766,Fixation,44.49123001098633,120.125,493.6588439941406
1785341847.230888,Saccade,17.69725227355957,20.124,882.47265625
1785341847.350888,Fixation,12.37564468383789,120.001,357.01214599609375
1785341847.411414,Saccade,235.40614318847656,60.129,3328.5283203125
1785341847.596536,Fixation,6.93757438659668,185.121,298.7113342285156
1785341847.641658,Saccade,83.53060150146484,45.124,2091.056640625
1785341847.86178,Fixation,16.668180465698242,220.125,323.1127014160156
1785341847.896791,Saccade,58.12929153442383,35.011,1664.2760009765625
1785341848.477414,Fixation,40.870506286621094,580.622,267.9239807128906
1785341848.572402,Saccade,281.4442443847656,94.992,3000.45068359375
1785341848.787658,Fixation,17.41042137145996,215.25,290.1377868652344
1785341848.817658,Saccade,26.965988159179688,30.0,918.4781494140625
1785341848.98278,Fixation,10.521241188049316,165.125,193.80116271972656
1785341849.017903,Saccade,115.33747863769531,35.125,2884.92724609375
1785341849.248036,Fixation,15.172608375549316,230.125,201.51112365722656
1785341849.323158,Saccade,321.6396484375,75.125,3871.97119140625
1785341850.113903,Fixation,77.2319564819336,790.75,174.84518432617188
1785341850.204036,Saccade,344.9156494140625,90.125,4054.03955078125
1785341850.874129,Fixation,17.460660934448242,670.507,189.58349609375
1785341850.919251,Saccade,78.09510040283203,45.118,1732.2734375
1785341851.239496,Fixation,40.65410614013672,320.25,184.15354919433594
1785341851.334629,Saccade,93.43164825439453,95.125,1586.2828369140625
1785341851.579874,Fixation,8.00908374786377,245.25,263.5405578613281
1785341851.609874,Saccade,23.1916561126709,30.0,1019.9657592773438
1785341852.300507,Fixation,34.8253288269043,690.634,216.97996520996094
1785341852.345496,Saccade,49.90590286254883,44.991,1374.5765380859375
1785341852.916129,Fixation,18.355134963989258,570.625,228.24583435058594
1785341852.956129,Saccade,74.28083038330078,40.0,1878.8546142578125
1785341853.256374,Fixation,8.624539375305176,300.25,264.1706237792969
1785341853.316496,Saccade,91.36593627929688,60.124,2367.57421875
1785341853.521363,Fixation,3.913723945617676,205.126,202.9624481201172
1785341853.596497,Saccade,291.12701416015625,75.133,3834.25634765625
1785341853.94173,Fixation,21.226776123046875,345.242,200.9690704345703
1785341853.97173,Saccade,46.93518829345703,30.0,1549.649658203125
1785341854.367108,Fixation,17.246997833251953,395.374,191.29605102539062
1785341854.43723,Saccade,254.82223510742188,70.125,3052.734375
1785341854.777486,Fixation,53.25544357299805,340.25,400.90240478515625
1785341854.847608,Saccade,309.8216857910156,70.125,4003.876708984375
