timestamp,event_count,edge_type,button_id,group,redundant,mode
1785245425.005223,rising,LeftHybrid,LeftHybrid,False,translation
0.0,falling,LeftHybrid,LeftHybrid,False,translation
1785245426.67244,rising,SwitchRef1,SwitchRef1,False,translation
0.0,falling,SwitchRef1,SwitchRef1,False,rotation
1785245428.139496,rising,Close,Close,False,rotation
0.0,falling,Close,Close,False,rotation
1785245431.239938,rising,DownHybrid,DownHybrid,False,rotation
0.0,falling,DownHybrid,DownHybrid,False,rotation
1785245431.906782,rising,DownHybrid,DownHybrid,False,rotation
0.0,falling,DownHybrid,DownHybrid,False,rotation
1785245433.406799,rising,Close,Close,False,rotation
0.0,falling,Close,Close,False,rotation
1785245435.474663,rising,Close,Close,False,rotation
0.0,falling,Close,Close,False,rotation
1785245437.841963,rising,DownHybrid,DownHybrid,False,rotation
0.0,falling,DownHybrid,DownHybrid,False,rotation
1785245439.442535,rising,DownHybrid,DownHybrid,False,rotation
0.0,falling,DownHybrid,DownHybrid,False,rotation
1785245446.044466,rising,DownHybridRe,DownHybridRe,True,rotation
0.0,falling,DownHybridRe,DownHybridRe,True,rotation
1785245448.411781,rising,SwitchRef2,SwitchRef2,True,rotation
0.0,falling,SwitchRef2,SwitchRef2,True,translation
1785245449.945526,rising,UpHybridRe,UpHybridRe,True,translation
0.0,falling,UpHybridRe,UpHybridRe,True,translation
1785245452.712771,rising,CloserHybridRe,CloserHybridRe,True,translation
0.0,falling,CloserHybridRe,CloserHybridRe,True,translation
1785245454.246324,rising,FartherHybridRe,FartherHybridRe,True,translation
0.0,falling,FartherHybridRe,FartherHybridRe,True,translation
1785245460.747773,rising,FartherHybridRe,FartherHybridRe,True,translation
0.0,falling,FartherHybridRe,FartherHybridRe,True,translation
1785245462.78159,rising,SwitchRef1,SwitchRef1,False,translation
0.0,falling,SwitchRef1,SwitchRef1,False,rotation
1785245463.481779,rising,FartherHybridRe,FartherHybridRe,True,rotation
0.0,falling,FartherHybridRe,FartherHybridRe,True,rotation
1785245466.183058,rising,OpenRe,OpenRe,False,rotation
0.0,falling,OpenRe,OpenRe,False,rotation
1785245467.216669,rising,OpenRe,OpenRe,False,rotation
0.0,falling,OpenRe,OpenRe,False,rotation
1785245468.48368,rising,SwitchRef1,SwitchRef1,False,rotation
0.0,falling,SwitchRef1,SwitchRef1,False,translation
1785245469.783256,rising,FartherHybridRe,FartherHybridRe,True,translation
0.0,falling,FartherHybridRe,FartherHybridRe,True,translation
1785245488.955426,rising,LeftHybridRe,LeftHybridRe,True,translation
0.0,falling,LeftHybridRe,LeftHybridRe,True,translation
1785245496.357196,rising,UpHybridRe,UpHybridRe,True,translation
0.0,falling,UpHybridRe,UpHybridRe,True,translation
1785245501.492099,rising,SwitchRef2,SwitchRef2,True,translation
0.0,falling,SwitchRef2,SwitchRef2,True,rotation
1785245503.559228,rising,UpHybridRe,UpHybridRe,True,rotation
0.0,falling,UpHybridRe,UpHybridRe,True,rotation
1785245507.360884,rising,SwitchRef2,SwitchRef2,True,rotation
0.0,falling,SwitchRef2,SwitchRef2,True,translation
1785245510.027746,rising,SwitchRef1,SwitchRef1,False,translation
0.0,falling,SwitchRef1,SwitchRef1,False,rotation
1785245513.595323,rising,DownHybridRe,DownHybridRe,True,rotation
0.0,falling,DownHybridRe,DownHybridRe,True,rotation
1785245515.595975,rising,SwitchRef1,SwitchRef1,False,rotation
0.0,falling,SwitchRef1,SwitchRef1,False,translation
1785245517.096655,rising,RightHybridRe,RightHybridRe,True,translation
0.0,falling,RightHybridRe,RightHybridRe,True,translation
1785245521.830894,rising,RightHybridRe,RightHybridRe,True,translation
0.0,falling,RightHybridRe,RightHybridRe,True,translation
1785245530.566722,rising,UpHybridRe,UpHybridRe,True,translation
0.0,falling,UpHybridRe,UpHybridRe,True,translation
1785245532.333429,rising,CloserHybridRe,CloserHybridRe,True,translation
0.0,falling,CloserHybridRe,CloserHybridRe,True,translation
1785245535.601007,rising,FartherHybridRe,FartherHybridRe,True,translation
0.0,falling,FartherHybridRe,FartherHybridRe,True,translation
1785245541.603468,rising,DownHybridRe,DownHybridRe,True,translation
0.0,falling,DownHybridRe,DownHybridRe,True,translation
1785245547.705124,rising,DownHybridRe,DownHybridRe,True,translation
0.0,falling,DownHybridRe,DownHybridRe,True,translation
1785245548.505347,rising,DownHybridRe,DownHybridRe,True,translation
0.0,falling,DownHybridRe,DownHybridRe,True,translation
1785245551.872699,rising,DownHybridRe,DownHybridRe,True,translation
0.0,falling,DownHybridRe,DownHybridRe,True,translation
1785245554.673059,rising,FartherHybridRe,FartherHybridRe,True,translation
0.0,falling,FartherHybridRe,FartherHybridRe,True,translation
1785245556.740932,rising,SwitchRef2,SwitchRef2,True,translation
0.0,falling,SwitchRef2,SwitchRef2,True,rotation
1785245557.941254,rising,FartherHybridRe,FartherHybridRe,True,rotation
0.0,falling,FartherHybridRe,FartherHybridRe,True,rotation
1785245560.074333,rising,DownHybridRe,DownHybridRe,True,rotation
0.0,falling,DownHybridRe,DownHybridRe,True,rotation
1785245563.975668,rising,DownHybridRe,DownHybridRe,True,rotation
0.0,falling,DownHybridRe,DownHybridRe,True,rotation
1785245567.810444,rising,OpenRe,OpenRe,False,rotation
0.0,falling,OpenRe,OpenRe,False,rotation
1785245568.310248,rising,OpenRe,OpenRe,False,rotation
0.0,falling,OpenRe,OpenRe,False,rotation
0.0,falling,OpenRe,OpenRe,False,rotation
1785245568.977103,rising,OpenRe,OpenRe,False,rotation
0.0,falling,OpenRe,OpenRe,False,rotation
1785245570.577526,rising,OpenRe,OpenRe,False,rotation
0.0,falling,OpenRe,OpenRe,False,rotation
1785245571.511551,rising,DownHybridRe,DownHybridRe,True,rotation
0.0,falling,DownHybridRe,DownHybridRe,True,rotation
1785245576.44625,rising,SwitchRef2,SwitchRef2,True,rotation
0.0,falling,SwitchRef2,SwitchRef2,True,translation
1785245579.246713,rising,CloseRe,CloseRe,False,translation
0.0,falling,CloseRe,CloseRe,False,translation
1785245580.3138,rising,UpHybridRe,UpHybridRe,True,translation
0.0,falling,UpHybridRe,UpHybridRe,True,translation
1785245582.147623,rising,FartherHybridRe,FartherHybridRe,True,translation
0.0,falling,FartherHybridRe,FartherHybridRe,True,translation
1785245584.914369,rising,CloseRe,CloseRe,False,translation
0.0,falling,CloseRe,CloseRe,False,translation
1785245587.115265,rising,CloseRe,CloseRe,False,translation
0.0,falling,CloseRe,CloseRe,False,translation
1785245589.015776,rising,DownHybridRe,DownHybridRe,True,translation
0.0,falling,DownHybridRe,DownHybridRe,True,translation
0.0,falling,DownHybridRe,DownHybridRe,True,translation
0.0,falling,DownHybridRe,DownHybridRe,True,translation
1785245593.650246,rising,LeftHybridRe,LeftHybridRe,True,translation
0.0,falling,LeftHybridRe,LeftHybridRe,True,translation
0.0,falling,LeftHybridRe,LeftHybridRe,True,translation
1785245593.983668,rising,LeftHybridRe,LeftHybridRe,True,translation
0.0,falling,LeftHybridRe,LeftHybridRe,True,translation
1785245594.450457,rising,LeftHybridRe,LeftHybridRe,True,translation
0.0,falling,LeftHybridRe,LeftHybridRe,True,translation
1785245595.817705,rising,LeftHybridRe,LeftHybridRe,True,translation
0.0,falling,LeftHybridRe,LeftHybridRe,True,translation
1785245597.35146,rising,RightHybridRe,RightHybridRe,True,translation
0.0,falling,RightHybridRe,RightHybridRe,True,translation
1785245598.751488,rising,UpHybridRe,UpHybridRe,True,translation
0.0,falling,UpHybridRe,UpHybridRe,True,translation
1785245606.220696,rising,RightHybridRe,RightHybridRe,True,translation
0.0,falling,RightHybridRe,RightHybridRe,True,translation
1785245607.654342,rising,SwitchRef2,SwitchRef2,True,translation
0.0,falling,SwitchRef2,SwitchRef2,True,rotation
1785245609.088064,rising,RightHybridRe,RightHybridRe,True,rotation
0.0,falling,RightHybridRe,RightHybridRe,True,rotation
1785245613.255321,rising,LeftHybridRe,LeftHybridRe,True,rotation
0.0,falling,LeftHybridRe,LeftHybridRe,True,rotation
1785245616.456279,rising,UpHybridRe,UpHybridRe,True,rotation
0.0,falling,UpHybridRe,UpHybridRe,True,rotation
0.0,falling,UpHybridRe,UpHybridRe,True,rotation
1785245618.290421,rising,UpHybridRe,UpHybridRe,True,rotation
0.0,falling,UpHybridRe,UpHybridRe,True,rotation
1785245620.590739,rising,UpHybridRe,UpHybridRe,True,rotation
0.0,falling,UpHybridRe,UpHybridRe,True,rotation
1785245622.324539,rising,FartherHybridRe,FartherHybridRe,True,rotation
0.0,falling,FartherHybridRe,FartherHybridRe,True,rotation
1785245622.924643,rising,UpHybridRe,UpHybridRe,True,rotation
0.0,falling,UpHybridRe,UpHybridRe,True,rotation
1785245625.491999,rising,SwitchRef1,SwitchRef1,False,rotation
0.0,falling,SwitchRef1,SwitchRef1,False,translation
1785245626.32566,rising,SwitchRef1,SwitchRef1,False,translation
0.0,falling,SwitchRef1,SwitchRef1,False,rotation
1785245627.359271,rising,SwitchRef1,SwitchRef1,False,rotation
0.0,falling,SwitchRef1,SwitchRef1,False,translation
1785245628.626786,rising,UpHybridRe,UpHybridRe,True,translation
0.0,falling,UpHybridRe,UpHybridRe,True,translation
1785245629.026897,rising,UpHybridRe,UpHybridRe,True,translation
0.0,falling,UpHybridRe,UpHybridRe,True,translation
1785245630.360586,rising,UpHybridRe,UpHybridRe,True,translation
0.0,falling,UpHybridRe,UpHybridRe,True,translation
1785245633.561085,rising,UpHybridRe,UpHybridRe,True,translation
0.0,falling,UpHybridRe,UpHybridRe,True,translation
1785245638.162508,rising,DownHybridRe,DownHybridRe,True,translation
0.0,falling,DownHybridRe,DownHybridRe,True,translation
1785245641.663176,rising,SwitchRef1,SwitchRef1,False,translation
0.0,falling,SwitchRef1,SwitchRef1,False,rotation
1785245643.396976,rising,CloserHybridRe,CloserHybridRe,True,rotation
0.0,falling,CloserHybridRe,CloserHybridRe,True,rotation
1785245645.463947,rising,UpHybridRe,UpHybridRe,True,rotation
0.0,falling,UpHybridRe,UpHybridRe,True,rotation
1785245646.36418,rising,UpHybridRe,UpHybridRe,True,rotation
0.0,falling,UpHybridRe,UpHybridRe,True,rotation
1785245651.866132,rising,SwitchRef1,SwitchRef1,False,rotation
0.0,falling,SwitchRef1,SwitchRef1,False,translation
1785245653.900378,rising,DownHybridRe,DownHybridRe,True,translation
0.0,falling,DownHybridRe,DownHybridRe,True,translation
1785245657.600819,rising,SwitchRef1,SwitchRef1,False,translation
0.0,falling,SwitchRef1,SwitchRef1,False,rotation
1785245660.534861,rising,UpHybridRe,UpHybridRe,True,rotation
0.0,falling,UpHybridRe,UpHybridRe,True,rotation
1785245661.568472,rising,UpHybridRe,UpHybridRe,True,rotation
0.0,falling,UpHybridRe,UpHybridRe,True,rotation
1785245664.936547,rising,SwitchRef1,SwitchRef1,False,rotation
0.0,falling,SwitchRef1,SwitchRef1,False,translation
1785245667.337192,rising,DownHybridRe,DownHybridRe,True,translation
0.0,falling,DownHybridRe,DownHybridRe,True,translation
1785245668.370904,rising,SwitchRef1,SwitchRef1,False,translation
0.0,falling,SwitchRef1,SwitchRef1,False,rotation
1785245669.837971,rising,DownHybridRe,DownHybridRe,True,rotation
0.0,falling,DownHybridRe,DownHybridRe,True,rotation
1785245675.472532,rising,OpenRe,OpenRe,False,rotation
0.0,falling,OpenRe,OpenRe,False,rotation
1785245680.140597,rising,SwitchRef1,SwitchRef1,False,rotation
0.0,falling,SwitchRef1,SwitchRef1,False,translation
1785245690.310107,rising,LeftHybridRe,LeftHybridRe,True,translation
0.0,falling,LeftHybridRe,LeftHybridRe,True,translation
1785245705.179986,rising,LeftHybridRe,LeftHybridRe,True,translation
0.0,falling,LeftHybridRe,LeftHybridRe,True,translation
1785245750.55916,rising,UpHybridRe,UpHybridRe,True,translation
0.0,falling,UpHybridRe,UpHybridRe,True,translation
1785245752.359757,rising,RightHybridRe,RightHybridRe,True,translation
0.0,falling,RightHybridRe,RightHybridRe,True,translation
1785245755.127168,rising,RightHybridRe,RightHybridRe,True,translation
0.0,falling,RightHybridRe,RightHybridRe,True,translation
1785245758.561907,rising,SwitchRef1,SwitchRef1,False,translation
0.0,falling,SwitchRef1,SwitchRef1,False,rotation
1785245760.095663,rising,DownHybridRe,DownHybridRe,True,rotation
0.0,falling,DownHybridRe,DownHybridRe,True,rotation
1785245762.329246,rising,DownHybridRe,DownHybridRe,True,rotation
0.0,falling,DownHybridRe,DownHybridRe,True,rotation
1785245764.296435,rising,SwitchRef1,SwitchRef1,False,rotation
0.0,falling,SwitchRef1,SwitchRef1,False,translation
1785245766.196868,rising,CloserHybridRe,CloserHybridRe,True,translation
0.0,falling,CloserHybridRe,CloserHybridRe,True,translation
1785245767.763952,rising,SwitchRef1,SwitchRef1,False,translation
0.0,falling,SwitchRef1,SwitchRef1,False,rotation
1785245768.897596,rising,CloserHybridRe,CloserHybridRe,True,rotation
0.0,falling,CloserHybridRe,CloserHybridRe,True,rotation
1785245771.931414,rising,CloserHybridRe,CloserHybridRe,True,rotation
0.0,falling,CloserHybridRe,CloserHybridRe,True,rotation
1785245774.43222,rising,CloserHybridRe,CloserHybridRe,True,rotation
0.0,falling,CloserHybridRe,CloserHybridRe,True,rotation
1785245779.367484,rising,SwitchRef1,SwitchRef1,False,rotation
0.0,falling,SwitchRef1,SwitchRef1,False,translation
1785245781.567761,rising,UpHybridRe,UpHybridRe,True,translation
0.0,falling,UpHybridRe,UpHybridRe,True,translation
1785245784.802302,rising,DownHybridRe,DownHybridRe,True,translation
0.0,falling,DownHybridRe,DownHybridRe,True,translation
1785245786.135297,rising,DownHybridRe,DownHybridRe,True,translation
0.0,falling,DownHybridRe,DownHybridRe,True,translation
1785245786.802142,rising,DownHybridRe,DownHybridRe,True,translation
0.0,falling,DownHybridRe,DownHybridRe,True,translation
1785245787.702386,rising,DownHybridRe,DownHybridRe,True,translation
0.0,falling,DownHybridRe,DownHybridRe,True,translation
1785245790.86988,rising,FartherHybridRe,FartherHybridRe,True,translation
0.0,falling,FartherHybridRe,FartherHybridRe,True,translation
1785245795.071673,rising,DownHybridRe,DownHybridRe,True,translation
0.0,falling,DownHybridRe,DownHybridRe,True,translation
1785245799.07252,rising,FartherHybridRe,FartherHybridRe,True,translation
0.0,falling,FartherHybridRe,FartherHybridRe,True,translation
1785245802.473402,rising,DownHybridRe,DownHybridRe,True,translation
0.0,falling,DownHybridRe,DownHybridRe,True,translation
1785245805.040794,rising,DownHybridRe,DownHybridRe,True,translation
0.0,falling,DownHybridRe,DownHybridRe,True,translation
1785245806.174428,rising,CloserHybridRe,CloserHybridRe,True,translation
0.0,falling,CloserHybridRe,CloserHybridRe,True,translation
1785245808.607726,rising,DownHybridRe,DownHybridRe,True,translation
0.0,falling,DownHybridRe,DownHybridRe,True,translation
1785245811.709356,rising,DownHybridRe,DownHybridRe,True,translation
0.0,falling,DownHybridRe,DownHybridRe,True,translation
1785245815.077037,rising,DownHybridRe,DownHybridRe,True,translation
0.0,falling,DownHybridRe,DownHybridRe,True,translation
1785245818.577364,rising,CloseRe,CloseRe,False,translation
0.0,falling,CloseRe,CloseRe,False,translation
1785245825.279414,rising,DownHybridRe,DownHybridRe,True,translation
0.0,falling,DownHybridRe,DownHybridRe,True,translation
1785245826.613103,rising,UpHybridRe,UpHybridRe,True,translation
0.0,falling,UpHybridRe,UpHybridRe,True,translation
1785245830.647694,rising,UpHybridRe,UpHybridRe,True,translation
0.0,falling,UpHybridRe,UpHybridRe,True,translation
1785245836.181905,rising,CloserHybridRe,CloserHybridRe,True,translation
0.0,falling,CloserHybridRe,CloserHybridRe,True,translation
1785245836.882544,rising,CloserHybridRe,CloserHybridRe,True,translation
0.0,falling,CloserHybridRe,CloserHybridRe,True,translation
1785245840.783353,rising,DownHybridRe,DownHybridRe,True,translation
0.0,falling,DownHybridRe,DownHybridRe,True,translation
1785245848.318958,rising,CloseRe,CloseRe,False,translation
0.0,falling,CloseRe,CloseRe,False,translation
1785245849.452133,rising,CloseRe,CloseRe,False,translation
0.0,falling,CloseRe,CloseRe,False,translation
1785245863.089256,rising,LeftHybridRe,LeftHybridRe,True,translation
0.0,falling,LeftHybridRe,LeftHybridRe,True,translation
1785245869.291403,rising,LeftHybridRe,LeftHybridRe,True,translation
0.0,falling,LeftHybridRe,LeftHybridRe,True,translation
1785245873.459279,rising,OpenRe,OpenRe,False,translation
0.0,falling,OpenRe,OpenRe,False,translation
1785245876.726151,rising,UpHybridRe,UpHybridRe,True,translation
0.0,falling,UpHybridRe,UpHybridRe,True,translation
1785245878.559973,rising,SwitchRef1,SwitchRef1,False,translation
0.0,falling,SwitchRef1,SwitchRef1,False,rotation
1785245882.861842,rising,DownHybridRe,DownHybridRe,True,rotation
0.0,falling,DownHybridRe,DownHybridRe,True,rotation
1785245889.19614,rising,DownHybridRe,DownHybridRe,True,rotation
0.0,falling,DownHybridRe,DownHybridRe,True,rotation
1785245893.931259,rising,UpHybridRe,UpHybridRe,True,rotation
0.0,falling,UpHybridRe,UpHybridRe,True,rotation
1785245895.631388,rising,SwitchRef1,SwitchRef1,False,rotation
0.0,falling,SwitchRef1,SwitchRef1,False,translation
1785245897.065675,rising,UpHybridRe,UpHybridRe,True,translation
0.0,falling,UpHybridRe,UpHybridRe,True,translation
1785245899.833086,rising,UpHybridRe,UpHybridRe,True,translation
0.0,falling,UpHybridRe,UpHybridRe,True,translation
1785245901.032971,rising,FartherHybridRe,FartherHybridRe,True,translation
0.0,falling,FartherHybridRe,FartherHybridRe,True,translation
1785245904.233899,rising,CloseRe,CloseRe,False,translation
0.0,falling,CloseRe,CloseRe,False,translation
1785245910.168948,rising,CloserHybridRe,CloserHybridRe,True,translation
0.0,falling,CloserHybridRe,CloserHybridRe,True,translation
1785245919.138196,rising,OpenRe,OpenRe,False,translation
0.0,falling,OpenRe,OpenRe,False,translation
1785245924.07259,rising,UpHybridRe,UpHybridRe,True,translation
0.0,falling,UpHybridRe,UpHybridRe,True,translation
1785245928.274188,rising,FartherHybridRe,FartherHybridRe,True,translation
0.0,falling,FartherHybridRe,FartherHybridRe,True,translation
1785245930.740821,rising,DownHybridRe,DownHybridRe,True,translation
0.0,falling,DownHybridRe,DownHybridRe,True,translation
1785245933.375547,rising,FartherHybridRe,FartherHybridRe,True,translation
0.0,falling,FartherHybridRe,FartherHybridRe,True,translation
1785245951.046935,rising,CloseRe,CloseRe,False,translation
0.0,falling,CloseRe,CloseRe,False,translation
1785245951.846593,rising,CloseRe,CloseRe,False,translation
0.0,falling,CloseRe,CloseRe,False,translation
1785245956.715224,rising,CloserHybridRe,CloserHybridRe,True,translation
0.0,falling,CloserHybridRe,CloserHybridRe,True,translation
1785245966.784256,rising,DownHybridRe,DownHybridRe,True,translation
0.0,falling,DownHybridRe,DownHybridRe,True,translation
1785245971.58568,rising,LeftHybridRe,LeftHybridRe,True,translation
0.0,falling,LeftHybridRe,LeftHybridRe,True,translation
1785245979.85419,rising,RightHybridRe,RightHybridRe,True,translation
0.0,falling,RightHybridRe,RightHybridRe,True,translation
1785245989.556792,rising,OpenRe,OpenRe,False,translation
0.0,falling,OpenRe,OpenRe,False,translation
