Button ID,x0,y0,x1,y1,Parent ID,xp,yp,zp,q1,q2,q3,q4,Idx,
S1Y_+1,12,16,-16,-16,21,0,-50,0,1,0,0,0,UpInk,S1Y_+1
S1Y_-1,16,16,-16,-16,21,0,50,0,1,0,0,0,DownInk,S1Y_-1
S1X_-1,16,16,-16,-16,21,-50,0,0,1,0,0,0,LeftInk,S1X_-1
S1X_+1,16,16,-16,-16,21,50,0,0,1,0,0,0,RightInk,S1X_+1
S1Y_+1,16,16,-16,-16,20,-50,0,0,1,0,0,0,UpInk,S1Y_+1
S1Y_-1,16,16,-16,-16,20,-50,100,0,1,0,0,0,DownInk,S1Y_-1
S1X_-1,16,16,-16,-16,20,-100,50,0,1,0,0,0,LeftInk,S1X_-1
S1X_+1,16,16,-16,-16,20,0,50,0,1,0,0,0,RightInk,S1X_+1
S1Y_+1,16,16,-16,-16,22,50,-100,0,1,0,0,0,UpInk,S1Y_+1
S1Y_-1,16,16,-16,-16,22,50,0,0,1,0,0,0,DownInk,S1Y_-1
S1X_-1,16,16,-16,-16,22,0,-50,0,1,0,0,0,LeftInk,S1X_-1
S1X_+1,16,16,-16,-16,22,100,-50,0,1,0,0,0,RightInk,S1X_+1
TR,16,16,-16,-16,23,50,0,0,1,0,0,0,CloserInk,
TL,16,16,-16,-16,23,-50,0,0,1,0,0,0,FartherInk,
X,16,16,-16,-16,23,60,60,0,1,0,0,0,Switch,
A,16,16,-16,-16,24,-50,0,0,1,0,0,0,CloserInk,
B,16,16,-16,-16,24,50,0,0,1,0,0,0,Openink,
X,16,16,-16,-16,24,60,60,0,1,0,0,0,Switch,
a,4.08,8.16,-4.08,-8.16,27,-16.32,48.96,0,1,0,0,0,a,
b,4.08,8.16,-4.08,-8.16,27,-24.48,48.96,0,1,0,0,0,b,
c,4.08,8.16,-4.08,-8.16,27,-32.64,48.96,0,1,0,0,0,c,
d,4.08,8.16,-4.08,-8.16,27,-40.8,48.96,0,1,0,0,0,d,
e,4.08,8.16,-4.08,-8.16,27,-48.96,48.96,0,1,0,0,0,e,
f,4.08,8.16,-4.08,-8.16,27,-57.12,48.96,0,1,0,0,0,f,
g,4.08,8.16,-4.08,-8.16,27,-65.28,48.96,0,1,0,0,0,g,
h,4.08,8.16,-4.08,-8.16,27,-73.44,48.96,0,1,0,0,0,h,
i,4.08,8.16,-4.08,-8.16,27,-81.6,48.96,0,1,0,0,0,i,
j,4.08,8.16,-4.08,-8.16,27,-89.76,48.96,0,1,0,0,0,j,
k,4.08,8.16,-4.08,-8.16,27,-97.92,48.96,0,1,0,0,0,k,
l,4.08,8.16,-4.08,-8.16,27,-106.08,48.96,0,1,0,0,0,l,
m,4.08,8.16,-4.08,-8.16,27,-114.24,48.96,0,1,0,0,0,m,
n,4.08,8.16,-4.08,-8.16,27,-16.32,65.28,0,1,0,0,0,n,
o,4.08,8.16,-4.08,-8.16,27,-24.48,65.28,0,1,0,0,0,o,
p,4.08,8.16,-4.08,-8.16,27,-32.64,65.28,0,1,0,0,0,p,
q,4.08,8.16,-4.08,-8.16,27,-40.8,65.28,0,1,0,0,0,q,
r,4.08,8.16,-4.08,-8.16,27,-48.96,65.28,0,1,0,0,0,r,
s,4.08,8.16,-4.08,-8.16,27,-57.12,65.28,0,1,0,0,0,s,
t,4.08,8.16,-4.08,-8.16,27,-65.28,65.28,0,1,0,0,0,t,
u,4.08,8.16,-4.08,-8.16,27,-73.44,65.28,0,1,0,0,0,u,
v,4.08,8.16,-4.08,-8.16,27,-81.6,65.28,0,1,0,0,0,v,
w,4.08,8.16,-4.08,-8.16,27,-89.76,65.28,0,1,0,0,0,w,
x,4.08,8.16,-4.08,-8.16,27,-97.92,65.28,0,1,0,0,0,x,
y,4.08,8.16,-4.08,-8.16,27,-106.08,65.28,0,1,0,0,0,y,
z,4.08,8.16,-4.08,-8.16,27,-114.24,65.28,0,1,0,0,0,z,
del,6.12,6.12,-6.12,-6.12,27,-128.52,46.92,0,1,0,0,0,delete,
refresh,6.12,6.12,-6.12,-6.12,27,-6.12,46.92,0,1,0,0,0,refresh,
space,12.24,6.12,-12.24,-6.12,27,-73.44,79.56,0,1,0,0,0,space,
a,4.08,8.16,-4.08,-8.16,28,122.4,48.96,0,1,0,0,0,a,
b,4.08,8.16,-4.08,-8.16,28,114.24,48.96,0,1,0,0,0,b,
c,4.08,8.16,-4.08,-8.16,28,106.08,48.96,0,1,0,0,0,c,
d,4.08,8.16,-4.08,-8.16,28,97.92,48.96,0,1,0,0,0,d,
e,4.08,8.16,-4.08,-8.16,28,89.76,48.96,0,1,0,0,0,e,
f,4.08,8.16,-4.08,-8.16,28,81.6,48.96,0,1,0,0,0,f,
g,4.08,8.16,-4.08,-8.16,28,73.44,48.96,0,1,0,0,0,g,
h,4.08,8.16,-4.08,-8.16,28,65.28,48.96,0,1,0,0,0,h,
i,4.08,8.16,-4.08,-8.16,28,57.12,48.96,0,1,0,0,0,i,
j,4.08,8.16,-4.08,-8.16,28,48.96,48.96,0,1,0,0,0,j,
k,4.08,8.16,-4.08,-8.16,28,40.8,48.96,0,1,0,0,0,k,
l,4.08,8.16,-4.08,-8.16,28,32.64,48.96,0,1,0,0,0,l,
m,4.08,8.16,-4.08,-8.16,28,24.48,48.96,0,1,0,0,0,m,
n,4.08,8.16,-4.08,-8.16,28,122.4,65.28,0,1,0,0,0,n,
o,4.08,8.16,-4.08,-8.16,28,114.24,65.28,0,1,0,0,0,o,
p,4.08,8.16,-4.08,-8.16,28,106.08,65.28,0,1,0,0,0,p,
q,4.08,8.16,-4.08,-8.16,28,97.92,65.28,0,1,0,0,0,q,
r,4.08,8.16,-4.08,-8.16,28,89.76,65.28,0,1,0,0,0,r,
s,4.08,8.16,-4.08,-8.16,28,81.6,65.28,0,1,0,0,0,s,
t,4.08,8.16,-4.08,-8.16,28,73.44,65.28,0,1,0,0,0,t,
u,4.08,8.16,-4.08,-8.16,28,65.28,65.28,0,1,0,0,0,u,
v,4.08,8.16,-4.08,-8.16,28,57.12,65.28,0,1,0,0,0,v,
w,4.08,8.16,-4.08,-8.16,28,48.96,65.28,0,1,0,0,0,w,
x,4.08,8.16,-4.08,-8.16,28,40.8,65.28,0,1,0,0,0,x,
y,4.08,8.16,-4.08,-8.16,28,32.64,65.28,0,1,0,0,0,y,
z,4.08,8.16,-4.08,-8.16,28,24.48,65.28,0,1,0,0,0,z,
del,6.12,6.12,-6.12,-6.12,28,10.2,46.92,0,1,0,0,0,delete,
refresh,6.12,6.12,-6.12,-6.12,28,132.6,46.92,0,1,0,0,0,refresh,
space,12.24,6.12,-12.24,-6.12,28,65.28,79.56,0,1,0,0,0,space,
a,4.08,8.16,-4.08,-8.16,29,-16.32,-24.48,0,1,0,0,0,a,
b,4.08,8.16,-4.08,-8.16,29,-24.48,-24.48,0,1,0,0,0,b,
c,4.08,8.16,-4.08,-8.16,29,-32.64,-24.48,0,1,0,0,0,c,
d,4.08,8.16,-4.08,-8.16,29,-40.8,-24.48,0,1,0,0,0,d,
e,4.08,8.16,-4.08,-8.16,29,-48.96,-24.48,0,1,0,0,0,e,
f,4.08,8.16,-4.08,-8.16,29,-57.12,-24.48,0,1,0,0,0,f,
g,4.08,8.16,-4.08,-8.16,29,-65.28,-24.48,0,1,0,0,0,g,
h,4.08,8.16,-4.08,-8.16,29,-73.44,-24.48,0,1,0,0,0,h,
i,4.08,8.16,-4.08,-8.16,29,-81.6,-24.48,0,1,0,0,0,i,
j,4.08,8.16,-4.08,-8.16,29,-89.76,-24.48,0,1,0,0,0,j,
k,4.08,8.16,-4.08,-8.16,29,-97.92,-24.48,0,1,0,0,0,k,
l,4.08,8.16,-4.08,-8.16,29,-106.08,-24.48,0,1,0,0,0,l,
m,4.08,8.16,-4.08,-8.16,29,-114.24,-24.48,0,1,0,0,0,m,
n,4.08,8.16,-4.08,-8.16,29,-16.32,-8.16,0,1,0,0,0,n,
o,4.08,8.16,-4.08,-8.16,29,-24.48,-8.16,0,1,0,0,0,o,
p,4.08,8.16,-4.08,-8.16,29,-32.64,-8.16,0,1,0,0,0,p,
q,4.08,8.16,-4.08,-8.16,29,-40.8,-8.16,0,1,0,0,0,q,
r,4.08,8.16,-4.08,-8.16,29,-48.96,-8.16,0,1,0,0,0,r,
s,4.08,8.16,-4.08,-8.16,29,-57.12,-8.16,0,1,0,0,0,s,
t,4.08,8.16,-4.08,-8.16,29,-65.28,-8.16,0,1,0,0,0,t,
u,4.08,8.16,-4.08,-8.16,29,-73.44,-8.16,0,1,0,0,0,u,
v,4.08,8.16,-4.08,-8.16,29,-81.6,-8.16,0,1,0,0,0,v,
w,4.08,8.16,-4.08,-8.16,29,-89.76,-8.16,0,1,0,0,0,w,
x,4.08,8.16,-4.08,-8.16,29,-97.92,-8.16,0,1,0,0,0,x,
y,4.08,8.16,-4.08,-8.16,29,-106.08,-8.16,0,1,0,0,0,y,
z,4.08,8.16,-4.08,-8.16,29,-114.24,-8.16,0,1,0,0,0,z,
del,6.12,6.12,-6.12,-6.12,29,-128.52,-26.52,0,1,0,0,0,delete,
refresh,6.12,6.12,-6.12,-6.12,29,-6.12,-26.52,0,1,0,0,0,refresh,
space,12.24,6.12,-12.24,-6.12,29,-73.44,6.12,0,1,0,0,0,space,
a,4.08,8.16,-4.08,-8.16,30,122.4,-24.48,0,1,0,0,0,a,
b,4.08,8.16,-4.08,-8.16,30,114.24,-24.48,0,1,0,0,0,b,
c,4.08,8.16,-4.08,-8.16,30,106.08,-24.48,0,1,0,0,0,c,
d,4.08,8.16,-4.08,-8.16,30,97.92,-24.48,0,1,0,0,0,d,
e,4.08,8.16,-4.08,-8.16,30,89.76,-24.48,0,1,0,0,0,e,
f,4.08,8.16,-4.08,-8.16,30,81.6,-24.48,0,1,0,0,0,f,
g,4.08,8.16,-4.08,-8.16,30,73.44,-24.48,0,1,0,0,0,g,
h,4.08,8.16,-4.08,-8.16,30,65.28,-24.48,0,1,0,0,0,h,
i,4.08,8.16,-4.08,-8.16,30,57.12,-24.48,0,1,0,0,0,i,
j,4.08,8.16,-4.08,-8.16,30,48.96,-24.48,0,1,0,0,0,j,
k,4.08,8.16,-4.08,-8.16,30,40.8,-24.48,0,1,0,0,0,k,
l,4.08,8.16,-4.08,-8.16,30,32.64,-24.48,0,1,0,0,0,l,
m,4.08,8.16,-4.08,-8.16,30,24.48,-24.48,0,1,0,0,0,m,
n,4.08,8.16,-4.08,-8.16,30,122.4,-8.16,0,1,0,0,0,n,
o,4.08,8.16,-4.08,-8.16,30,114.24,-8.16,0,1,0,0,0,o,
p,4.08,8.16,-4.08,-8.16,30,106.08,-8.16,0,1,0,0,0,p,
q,4.08,8.16,-4.08,-8.16,30,97.92,-8.16,0,1,0,0,0,q,
r,4.08,8.16,-4.08,-8.16,30,89.76,-8.16,0,1,0,0,0,r,
s,4.08,8.16,-4.08,-8.16,30,81.6,-8.16,0,1,0,0,0,s,
t,4.08,8.16,-4.08,-8.16,30,73.44,-8.16,0,1,0,0,0,t,
u,4.08,8.16,-4.08,-8.16,30,65.28,-8.16,0,1,0,0,0,u,
v,4.08,8.16,-4.08,-8.16,30,57.12,-8.16,0,1,0,0,0,v,
w,4.08,8.16,-4.08,-8.16,30,48.96,-8.16,0,1,0,0,0,w,
x,4.08,8.16,-4.08,-8.16,30,40.8,-8.16,0,1,0,0,0,x,
y,4.08,8.16,-4.08,-8.16,30,32.64,-8.16,0,1,0,0,0,y,
z,4.08,8.16,-4.08,-8.16,30,24.48,-8.16,0,1,0,0,0,z,
del,6.12,6.12,-6.12,-6.12,30,10.2,-26.52,0,1,0,0,0,delete,
refresh,6.12,6.12,-6.12,-6.12,30,132.6,-26.52,0,1,0,0,0,refresh,
space,12.24,6.12,-12.24,-6.12,30,65.28,6.12,0,1,0,0,0,space,
S1Y_+1,22,36,-22,-36,72,0,-47,0,1,0,0,0,UpCondensed,S1Y_+1
S1Y_-1,22,36,-22,-36,72,0,47,0,1,0,0,0,DownCondensed,S1Y_-1
S1X_-1,30,22,-22,-30,72,-47,0,0,1,0,0,0,LeftCondensed,S1X_-1
S1X_+1,22,30,-30,-22,72,47,0,0,1,0,0,0,RightCondensed,S1X_+1
TR,22,20,-30,-36,72,47,47,0,1,0,0,0,CloserCondensed,
TL,30,36,-22,-20,72,-47,-47,0,1,0,0,0,FartherCondensed,
S1Y_+1,22,36,-22,-36,70,-47,0,0,1,0,0,0,UpCondensed,S1Y_+1
S1Y_-1,22,36,-22,-36,70,-47,94,0,1,0,0,0,DownCondensed,S1Y_-1
S1X_-1,30,22,-22,-30,70,-94,47,0,1,0,0,0,LeftCondensed,S1X_-1
S1X_+1,22,30,-30,-22,70,0,47,0,1,0,0,0,RightCondensed,S1X_+1
TR,22,20,-30,-36,70,0,94,0,1,0,0,0,CloserCondensed,
TL,30,36,-22,-20,70,-94,0,0,1,0,0,0,FartherCondensed,
S1Y_+1,22,36,-22,-36,71,47,-94,0,1,0,0,0,UpCondensed,S1Y_+1
S1Y_-1,22,36,-22,-36,71,47,0,0,1,0,0,0,DownCondensed,S1Y_-1
S1X_-1,30,22,-22,-30,71,0,-47,0,1,0,0,0,LeftCondensed,S1X_-1
S1X_+1,22,30,-30,-22,71,94,-47,0,1,0,0,0,RightCondensed,S1X_+1
TR,22,20,-30,-36,71,94,0,0,1,0,0,0,CloserCondensed,
TL,30,36,-22,-20,71,0,-94,0,1,0,0,0,FartherCondensed,
A,32,32,-32,-32,73,47,0,0,1,0,0,0,OpenMini,
B,32,32,-32,-32,73,-47,0,0,1,0,0,0,CloseMini,
